period	stream_id	stream_label	suprathematique	suprathematique_label	isolated	cluster_id	cluster_univ_id	data	pos_y	pos_x	pos_x_t	term	weight	density	parameters
2001_2021	5	environmental impacts - climate change	1	environmental impacts - climate change	1	0	2	environmental impacts & climate change	0.0	0.0	0.0	carbon footprint	0.023996194720951564	0.9805889415718666	overl_size:False;computeoptimaldistancethres:True;dist:distributional;het_typ:True;field2:Terms;CDM:louvain;nb_per:1;field1:Terms;k_nearest:99999;top_node:200;distance_mode:cooc;orph:False;time_sp:homogeneous;int-thres:0.27;top_edges:99999;d_thres:0.1;period_size:None;norm:norm
2001_2021	5	environmental impacts - climate change	1	environmental impacts - climate change	1	0	2	environmental impacts & climate change	0.0	0.0	0.0	energy consumption	0.039765804948593636	0.9805889415718666	overl_size:False;computeoptimaldistancethres:True;dist:distributional;het_typ:True;field2:Terms;CDM:louvain;nb_per:1;field1:Terms;k_nearest:99999;top_node:200;distance_mode:cooc;orph:False;time_sp:homogeneous;int-thres:0.27;top_edges:99999;d_thres:0.1;period_size:None;norm:norm
2001_2021	5	environmental impacts - climate change	1	environmental impacts - climate change	1	0	2	environmental impacts & climate change	0.0	0.0	0.0	natural gas	0.03006930005362703	0.9805889415718666	overl_size:False;computeoptimaldistancethres:True;dist:distributional;het_typ:True;field2:Terms;CDM:louvain;nb_per:1;field1:Terms;k_nearest:99999;top_node:200;distance_mode:cooc;orph:False;time_sp:homogeneous;int-thres:0.27;top_edges:99999;d_thres:0.1;period_size:None;norm:norm
2001_2021	5	environmental impacts - climate change	1	environmental impacts - climate change	1	0	2	environmental impacts & climate change	0.0	0.0	0.0	agricultural production	0.022447793314834666	0.9805889415718666	overl_size:False;computeoptimaldistancethres:True;dist:distributional;het_typ:True;field2:Terms;CDM:louvain;nb_per:1;field1:Terms;k_nearest:99999;top_node:200;distance_mode:cooc;orph:False;time_sp:homogeneous;int-thres:0.27;top_edges:99999;d_thres:0.1;period_size:None;norm:norm
2001_2021	5	environmental impacts - climate change	1	environmental impacts - climate change	1	0	2	environmental impacts & climate change	0.0	0.0	0.0	energy efficiency	0.023424445277201812	0.9805889415718666	overl_size:False;computeoptimaldistancethres:True;dist:distributional;het_typ:True;field2:Terms;CDM:louvain;nb_per:1;field1:Terms;k_nearest:99999;top_node:200;distance_mode:cooc;orph:False;time_sp:homogeneous;int-thres:0.27;top_edges:99999;d_thres:0.1;period_size:None;norm:norm
2001_2021	5	environmental impacts - climate change	1	environmental impacts - climate change	1	0	2	environmental impacts & climate change	0.0	0.0	0.0	environmental sustainability	0.0038337690045854435	0.9805889415718666	overl_size:False;computeoptimaldistancethres:True;dist:distributional;het_typ:True;field2:Terms;CDM:louvain;nb_per:1;field1:Terms;k_nearest:99999;top_node:200;distance_mode:cooc;orph:False;time_sp:homogeneous;int-thres:0.27;top_edges:99999;d_thres:0.1;period_size:None;norm:norm
2001_2021	5	environmental impacts - climate change	1	environmental impacts - climate change	1	0	2	environmental impacts & climate change	0.0	0.0	0.0	food chain	0.01220212956627756	0.9805889415718666	overl_size:False;computeoptimaldistancethres:True;dist:distributional;het_typ:True;field2:Terms;CDM:louvain;nb_per:1;field1:Terms;k_nearest:99999;top_node:200;distance_mode:cooc;orph:False;time_sp:homogeneous;int-thres:0.27;top_edges:99999;d_thres:0.1;period_size:None;norm:norm
2001_2021	5	environmental impacts - climate change	1	environmental impacts - climate change	1	0	2	environmental impacts & climate change	0.0	0.0	0.0	Sustainable Development Goals	0.014325228427534767	0.9805889415718666	overl_size:False;computeoptimaldistancethres:True;dist:distributional;het_typ:True;field2:Terms;CDM:louvain;nb_per:1;field1:Terms;k_nearest:99999;top_node:200;distance_mode:cooc;orph:False;time_sp:homogeneous;int-thres:0.27;top_edges:99999;d_thres:0.1;period_size:None;norm:norm
2001_2021	5	environmental impacts - climate change	1	environmental impacts - climate change	1	0	2	environmental impacts & climate change	0.0	0.0	0.0	production systems	0.04193474809989709	0.9805889415718666	overl_size:False;computeoptimaldistancethres:True;dist:distributional;het_typ:True;field2:Terms;CDM:louvain;nb_per:1;field1:Terms;k_nearest:99999;top_node:200;distance_mode:cooc;orph:False;time_sp:homogeneous;int-thres:0.27;top_edges:99999;d_thres:0.1;period_size:None;norm:norm
2001_2021	5	environmental impacts - climate change	1	environmental impacts - climate change	1	0	2	environmental impacts & climate change	0.0	0.0	0.0	energy sources	0.026999579255163938	0.9805889415718666	overl_size:False;computeoptimaldistancethres:True;dist:distributional;het_typ:True;field2:Terms;CDM:louvain;nb_per:1;field1:Terms;k_nearest:99999;top_node:200;distance_mode:cooc;orph:False;time_sp:homogeneous;int-thres:0.27;top_edges:99999;d_thres:0.1;period_size:None;norm:norm
2001_2021	5	environmental impacts - climate change	1	environmental impacts - climate change	1	0	2	environmental impacts & climate change	0.0	0.0	0.0	food waste	0.03113845517029828	0.9805889415718666	overl_size:False;computeoptimaldistancethres:True;dist:distributional;het_typ:True;field2:Terms;CDM:louvain;nb_per:1;field1:Terms;k_nearest:99999;top_node:200;distance_mode:cooc;orph:False;time_sp:homogeneous;int-thres:0.27;top_edges:99999;d_thres:0.1;period_size:None;norm:norm
2001_2021	5	environmental impacts - climate change	1	environmental impacts - climate change	1	0	2	environmental impacts & climate change	0.0	0.0	0.0	European Union	0.02417341310671235	0.9805889415718666	overl_size:False;computeoptimaldistancethres:True;dist:distributional;het_typ:True;field2:Terms;CDM:louvain;nb_per:1;field1:Terms;k_nearest:99999;top_node:200;distance_mode:cooc;orph:False;time_sp:homogeneous;int-thres:0.27;top_edges:99999;d_thres:0.1;period_size:None;norm:norm
2001_2021	5	environmental impacts - climate change	1	environmental impacts - climate change	1	0	2	environmental impacts & climate change	0.0	0.0	0.0	food industry	0.001904336739972104	0.9805889415718666	overl_size:False;computeoptimaldistancethres:True;dist:distributional;het_typ:True;field2:Terms;CDM:louvain;nb_per:1;field1:Terms;k_nearest:99999;top_node:200;distance_mode:cooc;orph:False;time_sp:homogeneous;int-thres:0.27;top_edges:99999;d_thres:0.1;period_size:None;norm:norm
2001_2021	5	environmental impacts - climate change	1	environmental impacts - climate change	1	0	2	environmental impacts & climate change	0.0	0.0	0.0	renewable energy	0.036081089515006985	0.9805889415718666	overl_size:False;computeoptimaldistancethres:True;dist:distributional;het_typ:True;field2:Terms;CDM:louvain;nb_per:1;field1:Terms;k_nearest:99999;top_node:200;distance_mode:cooc;orph:False;time_sp:homogeneous;int-thres:0.27;top_edges:99999;d_thres:0.1;period_size:None;norm:norm
2001_2021	5	environmental impacts - climate change	1	environmental impacts - climate change	1	0	2	environmental impacts & climate change	0.0	0.0	0.0	alternative food networks	0.009327599203661259	0.9805889415718666	overl_size:False;computeoptimaldistancethres:True;dist:distributional;het_typ:True;field2:Terms;CDM:louvain;nb_per:1;field1:Terms;k_nearest:99999;top_node:200;distance_mode:cooc;orph:False;time_sp:homogeneous;int-thres:0.27;top_edges:99999;d_thres:0.1;period_size:None;norm:norm
2001_2021	5	environmental impacts - climate change	1	environmental impacts - climate change	1	0	2	environmental impacts & climate change	0.0	0.0	0.0	greenhouse gas emissions	0.04383377716793587	0.9805889415718666	overl_size:False;computeoptimaldistancethres:True;dist:distributional;het_typ:True;field2:Terms;CDM:louvain;nb_per:1;field1:Terms;k_nearest:99999;top_node:200;distance_mode:cooc;orph:False;time_sp:homogeneous;int-thres:0.27;top_edges:99999;d_thres:0.1;period_size:None;norm:norm
2001_2021	5	environmental impacts - climate change	1	environmental impacts - climate change	1	0	2	environmental impacts & climate change	0.0	0.0	0.0	greenhouse gas	0.04661368005481034	0.9805889415718666	overl_size:False;computeoptimaldistancethres:True;dist:distributional;het_typ:True;field2:Terms;CDM:louvain;nb_per:1;field1:Terms;k_nearest:99999;top_node:200;distance_mode:cooc;orph:False;time_sp:homogeneous;int-thres:0.27;top_edges:99999;d_thres:0.1;period_size:None;norm:norm
2001_2021	5	environmental impacts - climate change	1	environmental impacts - climate change	1	0	2	environmental impacts & climate change	0.0	0.0	0.0	United States	0.044592934262709306	0.9805889415718666	overl_size:False;computeoptimaldistancethres:True;dist:distributional;het_typ:True;field2:Terms;CDM:louvain;nb_per:1;field1:Terms;k_nearest:99999;top_node:200;distance_mode:cooc;orph:False;time_sp:homogeneous;int-thres:0.27;top_edges:99999;d_thres:0.1;period_size:None;norm:norm
2001_2021	5	environmental impacts - climate change	1	environmental impacts - climate change	1	0	2	environmental impacts & climate change	0.0	0.0	0.0	drinking water	0.005046564879949272	0.9805889415718666	overl_size:False;computeoptimaldistancethres:True;dist:distributional;het_typ:True;field2:Terms;CDM:louvain;nb_per:1;field1:Terms;k_nearest:99999;top_node:200;distance_mode:cooc;orph:False;time_sp:homogeneous;int-thres:0.27;top_edges:99999;d_thres:0.1;period_size:None;norm:norm
2001_2021	5	environmental impacts - climate change	1	environmental impacts - climate change	1	0	2	environmental impacts & climate change	0.0	0.0	0.0	water quality	0.0028710622200099675	0.9805889415718666	overl_size:False;computeoptimaldistancethres:True;dist:distributional;het_typ:True;field2:Terms;CDM:louvain;nb_per:1;field1:Terms;k_nearest:99999;top_node:200;distance_mode:cooc;orph:False;time_sp:homogeneous;int-thres:0.27;top_edges:99999;d_thres:0.1;period_size:None;norm:norm
2001_2021	5	environmental impacts - climate change	1	environmental impacts - climate change	1	0	2	environmental impacts & climate change	0.0	0.0	0.0	impact assessment	0.024472527758795323	0.9805889415718666	overl_size:False;computeoptimaldistancethres:True;dist:distributional;het_typ:True;field2:Terms;CDM:louvain;nb_per:1;field1:Terms;k_nearest:99999;top_node:200;distance_mode:cooc;orph:False;time_sp:homogeneous;int-thres:0.27;top_edges:99999;d_thres:0.1;period_size:None;norm:norm
2001_2021	5	environmental impacts - climate change	1	environmental impacts - climate change	1	0	2	environmental impacts & climate change	0.0	0.0	0.0	water consumption	0.01433629288240507	0.9805889415718666	overl_size:False;computeoptimaldistancethres:True;dist:distributional;het_typ:True;field2:Terms;CDM:louvain;nb_per:1;field1:Terms;k_nearest:99999;top_node:200;distance_mode:cooc;orph:False;time_sp:homogeneous;int-thres:0.27;top_edges:99999;d_thres:0.1;period_size:None;norm:norm
2001_2021	5	environmental impacts - climate change	1	environmental impacts - climate change	1	0	2	environmental impacts & climate change	0.0	0.0	0.0	Licensee MDPI	0.004849968154696848	0.9805889415718666	overl_size:False;computeoptimaldistancethres:True;dist:distributional;het_typ:True;field2:Terms;CDM:louvain;nb_per:1;field1:Terms;k_nearest:99999;top_node:200;distance_mode:cooc;orph:False;time_sp:homogeneous;int-thres:0.27;top_edges:99999;d_thres:0.1;period_size:None;norm:norm
2001_2021	5	environmental impacts - climate change	1	environmental impacts - climate change	1	0	2	environmental impacts & climate change	0.0	0.0	0.0	food safety	0.014826079140372338	0.9805889415718666	overl_size:False;computeoptimaldistancethres:True;dist:distributional;het_typ:True;field2:Terms;CDM:louvain;nb_per:1;field1:Terms;k_nearest:99999;top_node:200;distance_mode:cooc;orph:False;time_sp:homogeneous;int-thres:0.27;top_edges:99999;d_thres:0.1;period_size:None;norm:norm
2001_2021	5	environmental impacts - climate change	1	environmental impacts - climate change	1	0	2	environmental impacts & climate change	0.0	0.0	0.0	COVID-19 pandemic	0.01208035072294639	0.9805889415718666	overl_size:False;computeoptimaldistancethres:True;dist:distributional;het_typ:True;field2:Terms;CDM:louvain;nb_per:1;field1:Terms;k_nearest:99999;top_node:200;distance_mode:cooc;orph:False;time_sp:homogeneous;int-thres:0.27;top_edges:99999;d_thres:0.1;period_size:None;norm:norm
2001_2021	5	environmental impacts - climate change	1	environmental impacts - climate change	1	0	2	environmental impacts & climate change	0.0	0.0	0.0	food security	0.0295497639007447	0.9805889415718666	overl_size:False;computeoptimaldistancethres:True;dist:distributional;het_typ:True;field2:Terms;CDM:louvain;nb_per:1;field1:Terms;k_nearest:99999;top_node:200;distance_mode:cooc;orph:False;time_sp:homogeneous;int-thres:0.27;top_edges:99999;d_thres:0.1;period_size:None;norm:norm
2001_2021	5	environmental impacts - climate change	1	environmental impacts - climate change	1	0	2	environmental impacts & climate change	0.0	0.0	0.0	environmental performance	0.009350157093582258	0.9805889415718666	overl_size:False;computeoptimaldistancethres:True;dist:distributional;het_typ:True;field2:Terms;CDM:louvain;nb_per:1;field1:Terms;k_nearest:99999;top_node:200;distance_mode:cooc;orph:False;time_sp:homogeneous;int-thres:0.27;top_edges:99999;d_thres:0.1;period_size:None;norm:norm
2001_2021	5	environmental impacts - climate change	1	environmental impacts - climate change	1	0	2	environmental impacts & climate change	0.0	0.0	0.0	climate change	0.05146374144326071	0.9805889415718666	overl_size:False;computeoptimaldistancethres:True;dist:distributional;het_typ:True;field2:Terms;CDM:louvain;nb_per:1;field1:Terms;k_nearest:99999;top_node:200;distance_mode:cooc;orph:False;time_sp:homogeneous;int-thres:0.27;top_edges:99999;d_thres:0.1;period_size:None;norm:norm
2001_2021	5	environmental impacts - climate change	1	environmental impacts - climate change	1	0	2	environmental impacts & climate change	0.0	0.0	0.0	environmental impacts	0.05095411261796001	0.9805889415718666	overl_size:False;computeoptimaldistancethres:True;dist:distributional;het_typ:True;field2:Terms;CDM:louvain;nb_per:1;field1:Terms;k_nearest:99999;top_node:200;distance_mode:cooc;orph:False;time_sp:homogeneous;int-thres:0.27;top_edges:99999;d_thres:0.1;period_size:None;norm:norm
2001_2021	5	environmental impacts - climate change	1	environmental impacts - climate change	1	0	2	environmental impacts & climate change	0.0	0.0	0.0	water use	0.03428892591342369	0.9805889415718666	overl_size:False;computeoptimaldistancethres:True;dist:distributional;het_typ:True;field2:Terms;CDM:louvain;nb_per:1;field1:Terms;k_nearest:99999;top_node:200;distance_mode:cooc;orph:False;time_sp:homogeneous;int-thres:0.27;top_edges:99999;d_thres:0.1;period_size:None;norm:norm
2001_2021	5	environmental impacts - climate change	1	environmental impacts - climate change	1	0	2	environmental impacts & climate change	0.0	0.0	0.0	energy system	0.014082734394742398	0.9805889415718666	overl_size:False;computeoptimaldistancethres:True;dist:distributional;het_typ:True;field2:Terms;CDM:louvain;nb_per:1;field1:Terms;k_nearest:99999;top_node:200;distance_mode:cooc;orph:False;time_sp:homogeneous;int-thres:0.27;top_edges:99999;d_thres:0.1;period_size:None;norm:norm
2001_2021	5	environmental impacts - climate change	1	environmental impacts - climate change	1	0	2	environmental impacts & climate change	0.0	0.0	0.0	life cycle assessment	0.04452465344601209	0.9805889415718666	overl_size:False;computeoptimaldistancethres:True;dist:distributional;het_typ:True;field2:Terms;CDM:louvain;nb_per:1;field1:Terms;k_nearest:99999;top_node:200;distance_mode:cooc;orph:False;time_sp:homogeneous;int-thres:0.27;top_edges:99999;d_thres:0.1;period_size:None;norm:norm
2001_2021	5	environmental impacts - climate change	1	environmental impacts - climate change	1	0	2	environmental impacts & climate change	0.0	0.0	0.0	food production	0.039723224457816925	0.9805889415718666	overl_size:False;computeoptimaldistancethres:True;dist:distributional;het_typ:True;field2:Terms;CDM:louvain;nb_per:1;field1:Terms;k_nearest:99999;top_node:200;distance_mode:cooc;orph:False;time_sp:homogeneous;int-thres:0.27;top_edges:99999;d_thres:0.1;period_size:None;norm:norm
2001_2021	5	environmental impacts - climate change	1	environmental impacts - climate change	1	0	2	environmental impacts & climate change	0.0	0.0	0.0	GHG emissions	0.04098091385584203	0.9805889415718666	overl_size:False;computeoptimaldistancethres:True;dist:distributional;het_typ:True;field2:Terms;CDM:louvain;nb_per:1;field1:Terms;k_nearest:99999;top_node:200;distance_mode:cooc;orph:False;time_sp:homogeneous;int-thres:0.27;top_edges:99999;d_thres:0.1;period_size:None;norm:norm
2001_2021	5	environmental impacts - climate change	1	environmental impacts - climate change	1	0	2	environmental impacts & climate change	0.0	0.0	0.0	food system	0.02433177690433559	0.9805889415718666	overl_size:False;computeoptimaldistancethres:True;dist:distributional;het_typ:True;field2:Terms;CDM:louvain;nb_per:1;field1:Terms;k_nearest:99999;top_node:200;distance_mode:cooc;orph:False;time_sp:homogeneous;int-thres:0.27;top_edges:99999;d_thres:0.1;period_size:None;norm:norm
2001_2021	5	environmental impacts - climate change	1	environmental impacts - climate change	1	0	2	environmental impacts & climate change	0.0	0.0	0.0	land use	0.039781143581760645	0.9805889415718666	overl_size:False;computeoptimaldistancethres:True;dist:distributional;het_typ:True;field2:Terms;CDM:louvain;nb_per:1;field1:Terms;k_nearest:99999;top_node:200;distance_mode:cooc;orph:False;time_sp:homogeneous;int-thres:0.27;top_edges:99999;d_thres:0.1;period_size:None;norm:norm
2001_2021	5	environmental impacts - climate change	1	environmental impacts - climate change	1	0	2	environmental impacts & climate change	0.0	0.0	0.0	life cycle	0.0420436246973231	0.9805889415718666	overl_size:False;computeoptimaldistancethres:True;dist:distributional;het_typ:True;field2:Terms;CDM:louvain;nb_per:1;field1:Terms;k_nearest:99999;top_node:200;distance_mode:cooc;orph:False;time_sp:homogeneous;int-thres:0.27;top_edges:99999;d_thres:0.1;period_size:None;norm:norm
2001_2021	5	environmental impacts - climate change	1	environmental impacts - climate change	1	0	2	environmental impacts & climate change	0.0	0.0	0.0	waste management	0.0018151733298471323	0.9805889415718666	overl_size:False;computeoptimaldistancethres:True;dist:distributional;het_typ:True;field2:Terms;CDM:louvain;nb_per:1;field1:Terms;k_nearest:99999;top_node:200;distance_mode:cooc;orph:False;time_sp:homogeneous;int-thres:0.27;top_edges:99999;d_thres:0.1;period_size:None;norm:norm
2001_2021	5	environmental impacts - climate change	1	environmental impacts - climate change	1	0	2	environmental impacts & climate change	0.0	0.0	0.0	power plant	0.02196293071439954	0.9805889415718666	overl_size:False;computeoptimaldistancethres:True;dist:distributional;het_typ:True;field2:Terms;CDM:louvain;nb_per:1;field1:Terms;k_nearest:99999;top_node:200;distance_mode:cooc;orph:False;time_sp:homogeneous;int-thres:0.27;top_edges:99999;d_thres:0.1;period_size:None;norm:norm
2001_2021	6	proposed model - total cost	0	total cost - proposed model	1	1	1	proposed model & total cost	0.0	0.0	0.0	chain network design	0.027971881022058408	0.9895570483865568	overl_size:False;computeoptimaldistancethres:True;dist:distributional;het_typ:True;field2:Terms;CDM:louvain;nb_per:1;field1:Terms;k_nearest:99999;top_node:200;distance_mode:cooc;orph:False;time_sp:homogeneous;int-thres:0.27;top_edges:99999;d_thres:0.1;period_size:None;norm:norm
2001_2021	6	proposed model - total cost	0	total cost - proposed model	1	1	1	proposed model & total cost	0.0	0.0	0.0	mixed integer	0.026335796706089657	0.9895570483865568	overl_size:False;computeoptimaldistancethres:True;dist:distributional;het_typ:True;field2:Terms;CDM:louvain;nb_per:1;field1:Terms;k_nearest:99999;top_node:200;distance_mode:cooc;orph:False;time_sp:homogeneous;int-thres:0.27;top_edges:99999;d_thres:0.1;period_size:None;norm:norm
2001_2021	6	proposed model - total cost	0	total cost - proposed model	1	1	1	proposed model & total cost	0.0	0.0	0.0	optimal solution	0.02892600642388514	0.9895570483865568	overl_size:False;computeoptimaldistancethres:True;dist:distributional;het_typ:True;field2:Terms;CDM:louvain;nb_per:1;field1:Terms;k_nearest:99999;top_node:200;distance_mode:cooc;orph:False;time_sp:homogeneous;int-thres:0.27;top_edges:99999;d_thres:0.1;period_size:None;norm:norm
2001_2021	6	proposed model - total cost	0	total cost - proposed model	1	1	1	proposed model & total cost	0.0	0.0	0.0	CLSC network	0.019248407294240485	0.9895570483865568	overl_size:False;computeoptimaldistancethres:True;dist:distributional;het_typ:True;field2:Terms;CDM:louvain;nb_per:1;field1:Terms;k_nearest:99999;top_node:200;distance_mode:cooc;orph:False;time_sp:homogeneous;int-thres:0.27;top_edges:99999;d_thres:0.1;period_size:None;norm:norm
2001_2021	6	proposed model - total cost	0	total cost - proposed model	1	1	1	proposed model & total cost	0.0	0.0	0.0	linear programming model	0.024742740195013012	0.9895570483865568	overl_size:False;computeoptimaldistancethres:True;dist:distributional;het_typ:True;field2:Terms;CDM:louvain;nb_per:1;field1:Terms;k_nearest:99999;top_node:200;distance_mode:cooc;orph:False;time_sp:homogeneous;int-thres:0.27;top_edges:99999;d_thres:0.1;period_size:None;norm:norm
2001_2021	6	proposed model - total cost	0	total cost - proposed model	1	1	1	proposed model & total cost	0.0	0.0	0.0	inventory levels	0.004362412318058778	0.9895570483865568	overl_size:False;computeoptimaldistancethres:True;dist:distributional;het_typ:True;field2:Terms;CDM:louvain;nb_per:1;field1:Terms;k_nearest:99999;top_node:200;distance_mode:cooc;orph:False;time_sp:homogeneous;int-thres:0.27;top_edges:99999;d_thres:0.1;period_size:None;norm:norm
2001_2021	6	proposed model - total cost	0	total cost - proposed model	1	1	1	proposed model & total cost	0.0	0.0	0.0	real case study	0.01466236759215828	0.9895570483865568	overl_size:False;computeoptimaldistancethres:True;dist:distributional;het_typ:True;field2:Terms;CDM:louvain;nb_per:1;field1:Terms;k_nearest:99999;top_node:200;distance_mode:cooc;orph:False;time_sp:homogeneous;int-thres:0.27;top_edges:99999;d_thres:0.1;period_size:None;norm:norm
2001_2021	6	proposed model - total cost	0	total cost - proposed model	1	1	1	proposed model & total cost	0.0	0.0	0.0	managerial insights	0.02035424713590091	0.9895570483865568	overl_size:False;computeoptimaldistancethres:True;dist:distributional;het_typ:True;field2:Terms;CDM:louvain;nb_per:1;field1:Terms;k_nearest:99999;top_node:200;distance_mode:cooc;orph:False;time_sp:homogeneous;int-thres:0.27;top_edges:99999;d_thres:0.1;period_size:None;norm:norm
2001_2021	6	proposed model - total cost	0	total cost - proposed model	1	1	1	proposed model & total cost	0.0	0.0	0.0	numerical example	0.021178278104849423	0.9895570483865568	overl_size:False;computeoptimaldistancethres:True;dist:distributional;het_typ:True;field2:Terms;CDM:louvain;nb_per:1;field1:Terms;k_nearest:99999;top_node:200;distance_mode:cooc;orph:False;time_sp:homogeneous;int-thres:0.27;top_edges:99999;d_thres:0.1;period_size:None;norm:norm
2001_2021	6	proposed model - total cost	0	total cost - proposed model	1	1	1	proposed model & total cost	0.0	0.0	0.0	transportation modes	0.019328936819678563	0.9895570483865568	overl_size:False;computeoptimaldistancethres:True;dist:distributional;het_typ:True;field2:Terms;CDM:louvain;nb_per:1;field1:Terms;k_nearest:99999;top_node:200;distance_mode:cooc;orph:False;time_sp:homogeneous;int-thres:0.27;top_edges:99999;d_thres:0.1;period_size:None;norm:norm
2001_2021	6	proposed model - total cost	0	total cost - proposed model	1	1	1	proposed model & total cost	0.0	0.0	0.0	uncertain parameters	0.02399863673445401	0.9895570483865568	overl_size:False;computeoptimaldistancethres:True;dist:distributional;het_typ:True;field2:Terms;CDM:louvain;nb_per:1;field1:Terms;k_nearest:99999;top_node:200;distance_mode:cooc;orph:False;time_sp:homogeneous;int-thres:0.27;top_edges:99999;d_thres:0.1;period_size:None;norm:norm
2001_2021	6	proposed model - total cost	0	total cost - proposed model	1	1	1	proposed model & total cost	0.0	0.0	0.0	integer linear programming	0.023778288047398507	0.9895570483865568	overl_size:False;computeoptimaldistancethres:True;dist:distributional;het_typ:True;field2:Terms;CDM:louvain;nb_per:1;field1:Terms;k_nearest:99999;top_node:200;distance_mode:cooc;orph:False;time_sp:homogeneous;int-thres:0.27;top_edges:99999;d_thres:0.1;period_size:None;norm:norm
2001_2021	6	proposed model - total cost	0	total cost - proposed model	1	1	1	proposed model & total cost	0.0	0.0	0.0	service level	0.0135788564725806	0.9895570483865568	overl_size:False;computeoptimaldistancethres:True;dist:distributional;het_typ:True;field2:Terms;CDM:louvain;nb_per:1;field1:Terms;k_nearest:99999;top_node:200;distance_mode:cooc;orph:False;time_sp:homogeneous;int-thres:0.27;top_edges:99999;d_thres:0.1;period_size:None;norm:norm
2001_2021	6	proposed model - total cost	0	total cost - proposed model	1	1	1	proposed model & total cost	0.0	0.0	0.0	total cost	0.03053097993200358	0.9895570483865568	overl_size:False;computeoptimaldistancethres:True;dist:distributional;het_typ:True;field2:Terms;CDM:louvain;nb_per:1;field1:Terms;k_nearest:99999;top_node:200;distance_mode:cooc;orph:False;time_sp:homogeneous;int-thres:0.27;top_edges:99999;d_thres:0.1;period_size:None;norm:norm
2001_2021	6	proposed model - total cost	0	total cost - proposed model	1	1	1	proposed model & total cost	0.0	0.0	0.0	carbon emissions	0.018716052666760446	0.9895570483865568	overl_size:False;computeoptimaldistancethres:True;dist:distributional;het_typ:True;field2:Terms;CDM:louvain;nb_per:1;field1:Terms;k_nearest:99999;top_node:200;distance_mode:cooc;orph:False;time_sp:homogeneous;int-thres:0.27;top_edges:99999;d_thres:0.1;period_size:None;norm:norm
2001_2021	6	proposed model - total cost	0	total cost - proposed model	1	1	1	proposed model & total cost	0.0	0.0	0.0	distribution centers	0.023748763891746804	0.9895570483865568	overl_size:False;computeoptimaldistancethres:True;dist:distributional;het_typ:True;field2:Terms;CDM:louvain;nb_per:1;field1:Terms;k_nearest:99999;top_node:200;distance_mode:cooc;orph:False;time_sp:homogeneous;int-thres:0.27;top_edges:99999;d_thres:0.1;period_size:None;norm:norm
2001_2021	6	proposed model - total cost	0	total cost - proposed model	1	1	1	proposed model & total cost	0.0	0.0	0.0	objective function	0.027400341875742813	0.9895570483865568	overl_size:False;computeoptimaldistancethres:True;dist:distributional;het_typ:True;field2:Terms;CDM:louvain;nb_per:1;field1:Terms;k_nearest:99999;top_node:200;distance_mode:cooc;orph:False;time_sp:homogeneous;int-thres:0.27;top_edges:99999;d_thres:0.1;period_size:None;norm:norm
2001_2021	6	proposed model - total cost	0	total cost - proposed model	1	1	1	proposed model & total cost	0.0	0.0	0.0	particle swarm optimization	0.02003639859346594	0.9895570483865568	overl_size:False;computeoptimaldistancethres:True;dist:distributional;het_typ:True;field2:Terms;CDM:louvain;nb_per:1;field1:Terms;k_nearest:99999;top_node:200;distance_mode:cooc;orph:False;time_sp:homogeneous;int-thres:0.27;top_edges:99999;d_thres:0.1;period_size:None;norm:norm
2001_2021	6	proposed model - total cost	0	total cost - proposed model	1	1	1	proposed model & total cost	0.0	0.0	0.0	genetic algorithm	0.02421665127970569	0.9895570483865568	overl_size:False;computeoptimaldistancethres:True;dist:distributional;het_typ:True;field2:Terms;CDM:louvain;nb_per:1;field1:Terms;k_nearest:99999;top_node:200;distance_mode:cooc;orph:False;time_sp:homogeneous;int-thres:0.27;top_edges:99999;d_thres:0.1;period_size:None;norm:norm
2001_2021	6	proposed model - total cost	0	total cost - proposed model	1	1	1	proposed model & total cost	0.0	0.0	0.0	chain network	0.026220617608234	0.9895570483865568	overl_size:False;computeoptimaldistancethres:True;dist:distributional;het_typ:True;field2:Terms;CDM:louvain;nb_per:1;field1:Terms;k_nearest:99999;top_node:200;distance_mode:cooc;orph:False;time_sp:homogeneous;int-thres:0.27;top_edges:99999;d_thres:0.1;period_size:None;norm:norm
2001_2021	6	proposed model - total cost	0	total cost - proposed model	1	1	1	proposed model & total cost	0.0	0.0	0.0	simulation results	0.0011114387257808462	0.9895570483865568	overl_size:False;computeoptimaldistancethres:True;dist:distributional;het_typ:True;field2:Terms;CDM:louvain;nb_per:1;field1:Terms;k_nearest:99999;top_node:200;distance_mode:cooc;orph:False;time_sp:homogeneous;int-thres:0.27;top_edges:99999;d_thres:0.1;period_size:None;norm:norm
2001_2021	6	proposed model - total cost	0	total cost - proposed model	1	1	1	proposed model & total cost	0.0	0.0	0.0	mixed-integer linear programming	0.021135970559103386	0.9895570483865568	overl_size:False;computeoptimaldistancethres:True;dist:distributional;het_typ:True;field2:Terms;CDM:louvain;nb_per:1;field1:Terms;k_nearest:99999;top_node:200;distance_mode:cooc;orph:False;time_sp:homogeneous;int-thres:0.27;top_edges:99999;d_thres:0.1;period_size:None;norm:norm
2001_2021	6	proposed model - total cost	0	total cost - proposed model	1	1	1	proposed model & total cost	0.0	0.0	0.0	network design	0.027297932080030788	0.9895570483865568	overl_size:False;computeoptimaldistancethres:True;dist:distributional;het_typ:True;field2:Terms;CDM:louvain;nb_per:1;field1:Terms;k_nearest:99999;top_node:200;distance_mode:cooc;orph:False;time_sp:homogeneous;int-thres:0.27;top_edges:99999;d_thres:0.1;period_size:None;norm:norm
2001_2021	6	proposed model - total cost	0	total cost - proposed model	1	1	1	proposed model & total cost	0.0	0.0	0.0	customer service	0.000702910717986609	0.9895570483865568	overl_size:False;computeoptimaldistancethres:True;dist:distributional;het_typ:True;field2:Terms;CDM:louvain;nb_per:1;field1:Terms;k_nearest:99999;top_node:200;distance_mode:cooc;orph:False;time_sp:homogeneous;int-thres:0.27;top_edges:99999;d_thres:0.1;period_size:None;norm:norm
2001_2021	6	proposed model - total cost	0	total cost - proposed model	1	1	1	proposed model & total cost	0.0	0.0	0.0	solution method	0.024274984838880832	0.9895570483865568	overl_size:False;computeoptimaldistancethres:True;dist:distributional;het_typ:True;field2:Terms;CDM:louvain;nb_per:1;field1:Terms;k_nearest:99999;top_node:200;distance_mode:cooc;orph:False;time_sp:homogeneous;int-thres:0.27;top_edges:99999;d_thres:0.1;period_size:None;norm:norm
2001_2021	6	proposed model - total cost	0	total cost - proposed model	1	1	1	proposed model & total cost	0.0	0.0	0.0	distribution system	0.0013711833505606933	0.9895570483865568	overl_size:False;computeoptimaldistancethres:True;dist:distributional;het_typ:True;field2:Terms;CDM:louvain;nb_per:1;field1:Terms;k_nearest:99999;top_node:200;distance_mode:cooc;orph:False;time_sp:homogeneous;int-thres:0.27;top_edges:99999;d_thres:0.1;period_size:None;norm:norm
2001_2021	6	proposed model - total cost	0	total cost - proposed model	1	1	1	proposed model & total cost	0.0	0.0	0.0	demand uncertainty	0.023573018951389062	0.9895570483865568	overl_size:False;computeoptimaldistancethres:True;dist:distributional;het_typ:True;field2:Terms;CDM:louvain;nb_per:1;field1:Terms;k_nearest:99999;top_node:200;distance_mode:cooc;orph:False;time_sp:homogeneous;int-thres:0.27;top_edges:99999;d_thres:0.1;period_size:None;norm:norm
2001_2021	6	proposed model - total cost	0	total cost - proposed model	1	1	1	proposed model & total cost	0.0	0.0	0.0	solution approach	0.025660097084906654	0.9895570483865568	overl_size:False;computeoptimaldistancethres:True;dist:distributional;het_typ:True;field2:Terms;CDM:louvain;nb_per:1;field1:Terms;k_nearest:99999;top_node:200;distance_mode:cooc;orph:False;time_sp:homogeneous;int-thres:0.27;top_edges:99999;d_thres:0.1;period_size:None;norm:norm
2001_2021	6	proposed model - total cost	0	total cost - proposed model	1	1	1	proposed model & total cost	0.0	0.0	0.0	sensitivity analysis	0.01142667299156235	0.9895570483865568	overl_size:False;computeoptimaldistancethres:True;dist:distributional;het_typ:True;field2:Terms;CDM:louvain;nb_per:1;field1:Terms;k_nearest:99999;top_node:200;distance_mode:cooc;orph:False;time_sp:homogeneous;int-thres:0.27;top_edges:99999;d_thres:0.1;period_size:None;norm:norm
2001_2021	6	proposed model - total cost	0	total cost - proposed model	1	1	1	proposed model & total cost	0.0	0.0	0.0	network design problem	0.025515236199790858	0.9895570483865568	overl_size:False;computeoptimaldistancethres:True;dist:distributional;het_typ:True;field2:Terms;CDM:louvain;nb_per:1;field1:Terms;k_nearest:99999;top_node:200;distance_mode:cooc;orph:False;time_sp:homogeneous;int-thres:0.27;top_edges:99999;d_thres:0.1;period_size:None;norm:norm
2001_2021	6	proposed model - total cost	0	total cost - proposed model	1	1	1	proposed model & total cost	0.0	0.0	0.0	distribution network	0.008686065488172552	0.9895570483865568	overl_size:False;computeoptimaldistancethres:True;dist:distributional;het_typ:True;field2:Terms;CDM:louvain;nb_per:1;field1:Terms;k_nearest:99999;top_node:200;distance_mode:cooc;orph:False;time_sp:homogeneous;int-thres:0.27;top_edges:99999;d_thres:0.1;period_size:None;norm:norm
2001_2021	6	proposed model - total cost	0	total cost - proposed model	1	1	1	proposed model & total cost	0.0	0.0	0.0	numerical experiments	0.02197011838758156	0.9895570483865568	overl_size:False;computeoptimaldistancethres:True;dist:distributional;het_typ:True;field2:Terms;CDM:louvain;nb_per:1;field1:Terms;k_nearest:99999;top_node:200;distance_mode:cooc;orph:False;time_sp:homogeneous;int-thres:0.27;top_edges:99999;d_thres:0.1;period_size:None;norm:norm
2001_2021	6	proposed model - total cost	0	total cost - proposed model	1	1	1	proposed model & total cost	0.0	0.0	0.0	reverse logistics	0.007563415502738307	0.9895570483865568	overl_size:False;computeoptimaldistancethres:True;dist:distributional;het_typ:True;field2:Terms;CDM:louvain;nb_per:1;field1:Terms;k_nearest:99999;top_node:200;distance_mode:cooc;orph:False;time_sp:homogeneous;int-thres:0.27;top_edges:99999;d_thres:0.1;period_size:None;norm:norm
2001_2021	6	proposed model - total cost	0	total cost - proposed model	1	1	1	proposed model & total cost	0.0	0.0	0.0	proposed model	0.029278057796989866	0.9895570483865568	overl_size:False;computeoptimaldistancethres:True;dist:distributional;het_typ:True;field2:Terms;CDM:louvain;nb_per:1;field1:Terms;k_nearest:99999;top_node:200;distance_mode:cooc;orph:False;time_sp:homogeneous;int-thres:0.27;top_edges:99999;d_thres:0.1;period_size:None;norm:norm
2001_2021	6	proposed model - total cost	0	total cost - proposed model	1	1	1	proposed model & total cost	0.0	0.0	0.0	market demand	0.007697394842501028	0.9895570483865568	overl_size:False;computeoptimaldistancethres:True;dist:distributional;het_typ:True;field2:Terms;CDM:louvain;nb_per:1;field1:Terms;k_nearest:99999;top_node:200;distance_mode:cooc;orph:False;time_sp:homogeneous;int-thres:0.27;top_edges:99999;d_thres:0.1;period_size:None;norm:norm
2001_2021	6	proposed model - total cost	0	total cost - proposed model	1	1	1	proposed model & total cost	0.0	0.0	0.0	optimization model	0.027660628438665614	0.9895570483865568	overl_size:False;computeoptimaldistancethres:True;dist:distributional;het_typ:True;field2:Terms;CDM:louvain;nb_per:1;field1:Terms;k_nearest:99999;top_node:200;distance_mode:cooc;orph:False;time_sp:homogeneous;int-thres:0.27;top_edges:99999;d_thres:0.1;period_size:None;norm:norm
2001_2021	6	proposed model - total cost	0	total cost - proposed model	1	1	1	proposed model & total cost	0.0	0.0	0.0	proposed algorithm	0.018538227749138908	0.9895570483865568	overl_size:False;computeoptimaldistancethres:True;dist:distributional;het_typ:True;field2:Terms;CDM:louvain;nb_per:1;field1:Terms;k_nearest:99999;top_node:200;distance_mode:cooc;orph:False;time_sp:homogeneous;int-thres:0.27;top_edges:99999;d_thres:0.1;period_size:None;norm:norm
2001_2021	6	proposed model - total cost	0	total cost - proposed model	1	1	1	proposed model & total cost	0.0	0.0	0.0	uncertain demand	0.025242941197200323	0.9895570483865568	overl_size:False;computeoptimaldistancethres:True;dist:distributional;het_typ:True;field2:Terms;CDM:louvain;nb_per:1;field1:Terms;k_nearest:99999;top_node:200;distance_mode:cooc;orph:False;time_sp:homogeneous;int-thres:0.27;top_edges:99999;d_thres:0.1;period_size:None;norm:norm
2001_2021	6	proposed model - total cost	0	total cost - proposed model	1	1	1	proposed model & total cost	0.0	0.0	0.0	network design model	0.021093157519072016	0.9895570483865568	overl_size:False;computeoptimaldistancethres:True;dist:distributional;het_typ:True;field2:Terms;CDM:louvain;nb_per:1;field1:Terms;k_nearest:99999;top_node:200;distance_mode:cooc;orph:False;time_sp:homogeneous;int-thres:0.27;top_edges:99999;d_thres:0.1;period_size:None;norm:norm
2001_2021	6	proposed model - total cost	0	total cost - proposed model	1	1	1	proposed model & total cost	0.0	0.0	0.0	logistics network design	0.011663475405361804	0.9895570483865568	overl_size:False;computeoptimaldistancethres:True;dist:distributional;het_typ:True;field2:Terms;CDM:louvain;nb_per:1;field1:Terms;k_nearest:99999;top_node:200;distance_mode:cooc;orph:False;time_sp:homogeneous;int-thres:0.27;top_edges:99999;d_thres:0.1;period_size:None;norm:norm
2001_2021	6	proposed model - total cost	0	total cost - proposed model	1	1	1	proposed model & total cost	0.0	0.0	0.0	customer demand	0.02038685880351006	0.9895570483865568	overl_size:False;computeoptimaldistancethres:True;dist:distributional;het_typ:True;field2:Terms;CDM:louvain;nb_per:1;field1:Terms;k_nearest:99999;top_node:200;distance_mode:cooc;orph:False;time_sp:homogeneous;int-thres:0.27;top_edges:99999;d_thres:0.1;period_size:None;norm:norm
2001_2021	6	proposed model - total cost	0	total cost - proposed model	1	1	1	proposed model & total cost	0.0	0.0	0.0	chain cost	0.01897834491636177	0.9895570483865568	overl_size:False;computeoptimaldistancethres:True;dist:distributional;het_typ:True;field2:Terms;CDM:louvain;nb_per:1;field1:Terms;k_nearest:99999;top_node:200;distance_mode:cooc;orph:False;time_sp:homogeneous;int-thres:0.27;top_edges:99999;d_thres:0.1;period_size:None;norm:norm
2001_2021	6	proposed model - total cost	0	total cost - proposed model	1	1	1	proposed model & total cost	0.0	0.0	0.0	computational results	0.02885600685722999	0.9895570483865568	overl_size:False;computeoptimaldistancethres:True;dist:distributional;het_typ:True;field2:Terms;CDM:louvain;nb_per:1;field1:Terms;k_nearest:99999;top_node:200;distance_mode:cooc;orph:False;time_sp:homogeneous;int-thres:0.27;top_edges:99999;d_thres:0.1;period_size:None;norm:norm
2001_2021	6	proposed model - total cost	0	total cost - proposed model	1	1	1	proposed model & total cost	0.0	0.0	0.0	optimization problem	0.01925203059085535	0.9895570483865568	overl_size:False;computeoptimaldistancethres:True;dist:distributional;het_typ:True;field2:Terms;CDM:louvain;nb_per:1;field1:Terms;k_nearest:99999;top_node:200;distance_mode:cooc;orph:False;time_sp:homogeneous;int-thres:0.27;top_edges:99999;d_thres:0.1;period_size:None;norm:norm
2001_2021	6	proposed model - total cost	0	total cost - proposed model	1	1	1	proposed model & total cost	0.0	0.0	0.0	mathematical model	0.027051440347857086	0.9895570483865568	overl_size:False;computeoptimaldistancethres:True;dist:distributional;het_typ:True;field2:Terms;CDM:louvain;nb_per:1;field1:Terms;k_nearest:99999;top_node:200;distance_mode:cooc;orph:False;time_sp:homogeneous;int-thres:0.27;top_edges:99999;d_thres:0.1;period_size:None;norm:norm
2001_2021	6	proposed model - total cost	0	total cost - proposed model	1	1	1	proposed model & total cost	0.0	0.0	0.0	logistics network	0.016675324704684174	0.9895570483865568	overl_size:False;computeoptimaldistancethres:True;dist:distributional;het_typ:True;field2:Terms;CDM:louvain;nb_per:1;field1:Terms;k_nearest:99999;top_node:200;distance_mode:cooc;orph:False;time_sp:homogeneous;int-thres:0.27;top_edges:99999;d_thres:0.1;period_size:None;norm:norm
2001_2021	6	proposed model - total cost	0	total cost - proposed model	1	1	1	proposed model & total cost	0.0	0.0	0.0	transportation costs	0.028096702428712737	0.9895570483865568	overl_size:False;computeoptimaldistancethres:True;dist:distributional;het_typ:True;field2:Terms;CDM:louvain;nb_per:1;field1:Terms;k_nearest:99999;top_node:200;distance_mode:cooc;orph:False;time_sp:homogeneous;int-thres:0.27;top_edges:99999;d_thres:0.1;period_size:None;norm:norm
2001_2021	6	proposed model - total cost	0	total cost - proposed model	1	1	1	proposed model & total cost	0.0	0.0	0.0	optimization approach	0.02390781254453724	0.9895570483865568	overl_size:False;computeoptimaldistancethres:True;dist:distributional;het_typ:True;field2:Terms;CDM:louvain;nb_per:1;field1:Terms;k_nearest:99999;top_node:200;distance_mode:cooc;orph:False;time_sp:homogeneous;int-thres:0.27;top_edges:99999;d_thres:0.1;period_size:None;norm:norm
2001_2021	6	proposed model - total cost	0	total cost - proposed model	1	1	1	proposed model & total cost	0.0	0.0	0.0	CO2 emissions	0.016593765865197962	0.9895570483865568	overl_size:False;computeoptimaldistancethres:True;dist:distributional;het_typ:True;field2:Terms;CDM:louvain;nb_per:1;field1:Terms;k_nearest:99999;top_node:200;distance_mode:cooc;orph:False;time_sp:homogeneous;int-thres:0.27;top_edges:99999;d_thres:0.1;period_size:None;norm:norm
2001_2021	6	proposed model - total cost	0	total cost - proposed model	1	1	1	proposed model & total cost	0.0	0.0	0.0	Multi-objective optimization	0.019402124399614466	0.9895570483865568	overl_size:False;computeoptimaldistancethres:True;dist:distributional;het_typ:True;field2:Terms;CDM:louvain;nb_per:1;field1:Terms;k_nearest:99999;top_node:200;distance_mode:cooc;orph:False;time_sp:homogeneous;int-thres:0.27;top_edges:99999;d_thres:0.1;period_size:None;norm:norm
2001_2021	7	chain management - Research limitations/implications	4	chain management - Research limitations/implications	1	2	4	chain management & Research limitations/implications	0.0	0.0	0.0	process management	0.007458424665433646	0.9719984909535717	overl_size:False;computeoptimaldistancethres:True;dist:distributional;het_typ:True;field2:Terms;CDM:louvain;nb_per:1;field1:Terms;k_nearest:99999;top_node:200;distance_mode:cooc;orph:False;time_sp:homogeneous;int-thres:0.27;top_edges:99999;d_thres:0.1;period_size:None;norm:norm
2001_2021	7	chain management - Research limitations/implications	4	chain management - Research limitations/implications	1	2	4	chain management & Research limitations/implications	0.0	0.0	0.0	environmental uncertainty	0.01059370799659424	0.9719984909535717	overl_size:False;computeoptimaldistancethres:True;dist:distributional;het_typ:True;field2:Terms;CDM:louvain;nb_per:1;field1:Terms;k_nearest:99999;top_node:200;distance_mode:cooc;orph:False;time_sp:homogeneous;int-thres:0.27;top_edges:99999;d_thres:0.1;period_size:None;norm:norm
2001_2021	7	chain management - Research limitations/implications	4	chain management - Research limitations/implications	1	2	4	chain management & Research limitations/implications	0.0	0.0	0.0	big data	0.01683475606107869	0.9719984909535717	overl_size:False;computeoptimaldistancethres:True;dist:distributional;het_typ:True;field2:Terms;CDM:louvain;nb_per:1;field1:Terms;k_nearest:99999;top_node:200;distance_mode:cooc;orph:False;time_sp:homogeneous;int-thres:0.27;top_edges:99999;d_thres:0.1;period_size:None;norm:norm
2001_2021	7	chain management - Research limitations/implications	4	chain management - Research limitations/implications	1	2	4	chain management & Research limitations/implications	0.0	0.0	0.0	empirical study	0.03222705376275411	0.9719984909535717	overl_size:False;computeoptimaldistancethres:True;dist:distributional;het_typ:True;field2:Terms;CDM:louvain;nb_per:1;field1:Terms;k_nearest:99999;top_node:200;distance_mode:cooc;orph:False;time_sp:homogeneous;int-thres:0.27;top_edges:99999;d_thres:0.1;period_size:None;norm:norm
2001_2021	7	chain management - Research limitations/implications	4	chain management - Research limitations/implications	1	2	4	chain management & Research limitations/implications	0.0	0.0	0.0	conceptual model	0.027568619243815574	0.9719984909535717	overl_size:False;computeoptimaldistancethres:True;dist:distributional;het_typ:True;field2:Terms;CDM:louvain;nb_per:1;field1:Terms;k_nearest:99999;top_node:200;distance_mode:cooc;orph:False;time_sp:homogeneous;int-thres:0.27;top_edges:99999;d_thres:0.1;period_size:None;norm:norm
2001_2021	7	chain management - Research limitations/implications	4	chain management - Research limitations/implications	1	2	4	chain management & Research limitations/implications	0.0	0.0	0.0	extensive literature review	0.013460125515505553	0.9719984909535717	overl_size:False;computeoptimaldistancethres:True;dist:distributional;het_typ:True;field2:Terms;CDM:louvain;nb_per:1;field1:Terms;k_nearest:99999;top_node:200;distance_mode:cooc;orph:False;time_sp:homogeneous;int-thres:0.27;top_edges:99999;d_thres:0.1;period_size:None;norm:norm
2001_2021	7	chain management - Research limitations/implications	4	chain management - Research limitations/implications	1	2	4	chain management & Research limitations/implications	0.0	0.0	0.0	findings of this study	0.02534719876063787	0.9719984909535717	overl_size:False;computeoptimaldistancethres:True;dist:distributional;het_typ:True;field2:Terms;CDM:louvain;nb_per:1;field1:Terms;k_nearest:99999;top_node:200;distance_mode:cooc;orph:False;time_sp:homogeneous;int-thres:0.27;top_edges:99999;d_thres:0.1;period_size:None;norm:norm
2001_2021	7	chain management - Research limitations/implications	4	chain management - Research limitations/implications	1	2	4	chain management & Research limitations/implications	0.0	0.0	0.0	semi-structured interviews	0.010310075595667958	0.9719984909535717	overl_size:False;computeoptimaldistancethres:True;dist:distributional;het_typ:True;field2:Terms;CDM:louvain;nb_per:1;field1:Terms;k_nearest:99999;top_node:200;distance_mode:cooc;orph:False;time_sp:homogeneous;int-thres:0.27;top_edges:99999;d_thres:0.1;period_size:None;norm:norm
2001_2021	7	chain management - Research limitations/implications	4	chain management - Research limitations/implications	1	2	4	chain management & Research limitations/implications	0.0	0.0	0.0	construction projects	0.00270344971547718	0.9719984909535717	overl_size:False;computeoptimaldistancethres:True;dist:distributional;het_typ:True;field2:Terms;CDM:louvain;nb_per:1;field1:Terms;k_nearest:99999;top_node:200;distance_mode:cooc;orph:False;time_sp:homogeneous;int-thres:0.27;top_edges:99999;d_thres:0.1;period_size:None;norm:norm
2001_2021	7	chain management - Research limitations/implications	4	chain management - Research limitations/implications	1	2	4	chain management & Research limitations/implications	0.0	0.0	0.0	Circular economy	0.0051343368050877315	0.9719984909535717	overl_size:False;computeoptimaldistancethres:True;dist:distributional;het_typ:True;field2:Terms;CDM:louvain;nb_per:1;field1:Terms;k_nearest:99999;top_node:200;distance_mode:cooc;orph:False;time_sp:homogeneous;int-thres:0.27;top_edges:99999;d_thres:0.1;period_size:None;norm:norm
2001_2021	7	chain management - Research limitations/implications	4	chain management - Research limitations/implications	1	2	4	chain management & Research limitations/implications	0.0	0.0	0.0	factor analysis	0.02187044259080447	0.9719984909535717	overl_size:False;computeoptimaldistancethres:True;dist:distributional;het_typ:True;field2:Terms;CDM:louvain;nb_per:1;field1:Terms;k_nearest:99999;top_node:200;distance_mode:cooc;orph:False;time_sp:homogeneous;int-thres:0.27;top_edges:99999;d_thres:0.1;period_size:None;norm:norm
2001_2021	7	chain management - Research limitations/implications	4	chain management - Research limitations/implications	1	2	4	chain management & Research limitations/implications	0.0	0.0	0.0	competitive advantage	0.023040486139995254	0.9719984909535717	overl_size:False;computeoptimaldistancethres:True;dist:distributional;het_typ:True;field2:Terms;CDM:louvain;nb_per:1;field1:Terms;k_nearest:99999;top_node:200;distance_mode:cooc;orph:False;time_sp:homogeneous;int-thres:0.27;top_edges:99999;d_thres:0.1;period_size:None;norm:norm
2001_2021	7	chain management - Research limitations/implications	4	chain management - Research limitations/implications	1	2	4	chain management & Research limitations/implications	0.0	0.0	0.0	further research	0.021931758265652346	0.9719984909535717	overl_size:False;computeoptimaldistancethres:True;dist:distributional;het_typ:True;field2:Terms;CDM:louvain;nb_per:1;field1:Terms;k_nearest:99999;top_node:200;distance_mode:cooc;orph:False;time_sp:homogeneous;int-thres:0.27;top_edges:99999;d_thres:0.1;period_size:None;norm:norm
2001_2021	7	chain management - Research limitations/implications	4	chain management - Research limitations/implications	1	2	4	chain management & Research limitations/implications	0.0	0.0	0.0	systematic review	0.008705835285788758	0.9719984909535717	overl_size:False;computeoptimaldistancethres:True;dist:distributional;het_typ:True;field2:Terms;CDM:louvain;nb_per:1;field1:Terms;k_nearest:99999;top_node:200;distance_mode:cooc;orph:False;time_sp:homogeneous;int-thres:0.27;top_edges:99999;d_thres:0.1;period_size:None;norm:norm
2001_2021	7	chain management - Research limitations/implications	4	chain management - Research limitations/implications	1	2	4	chain management & Research limitations/implications	0.0	0.0	0.0	value creation	0.006067555573458942	0.9719984909535717	overl_size:False;computeoptimaldistancethres:True;dist:distributional;het_typ:True;field2:Terms;CDM:louvain;nb_per:1;field1:Terms;k_nearest:99999;top_node:200;distance_mode:cooc;orph:False;time_sp:homogeneous;int-thres:0.27;top_edges:99999;d_thres:0.1;period_size:None;norm:norm
2001_2021	7	chain management - Research limitations/implications	4	chain management - Research limitations/implications	1	2	4	chain management & Research limitations/implications	0.0	0.0	0.0	information management	0.007063376186578256	0.9719984909535717	overl_size:False;computeoptimaldistancethres:True;dist:distributional;het_typ:True;field2:Terms;CDM:louvain;nb_per:1;field1:Terms;k_nearest:99999;top_node:200;distance_mode:cooc;orph:False;time_sp:homogeneous;int-thres:0.27;top_edges:99999;d_thres:0.1;period_size:None;norm:norm
2001_2021	7	chain management - Research limitations/implications	4	chain management - Research limitations/implications	1	2	4	chain management & Research limitations/implications	0.0	0.0	0.0	emerging economies	0.00940736014134312	0.9719984909535717	overl_size:False;computeoptimaldistancethres:True;dist:distributional;het_typ:True;field2:Terms;CDM:louvain;nb_per:1;field1:Terms;k_nearest:99999;top_node:200;distance_mode:cooc;orph:False;time_sp:homogeneous;int-thres:0.27;top_edges:99999;d_thres:0.1;period_size:None;norm:norm
2001_2021	7	chain management - Research limitations/implications	4	chain management - Research limitations/implications	1	2	4	chain management & Research limitations/implications	0.0	0.0	0.0	chain integration	0.027315497171525427	0.9719984909535717	overl_size:False;computeoptimaldistancethres:True;dist:distributional;het_typ:True;field2:Terms;CDM:louvain;nb_per:1;field1:Terms;k_nearest:99999;top_node:200;distance_mode:cooc;orph:False;time_sp:homogeneous;int-thres:0.27;top_edges:99999;d_thres:0.1;period_size:None;norm:norm
2001_2021	7	chain management - Research limitations/implications	4	chain management - Research limitations/implications	1	2	4	chain management & Research limitations/implications	0.0	0.0	0.0	operational performance	0.022585339310793782	0.9719984909535717	overl_size:False;computeoptimaldistancethres:True;dist:distributional;het_typ:True;field2:Terms;CDM:louvain;nb_per:1;field1:Terms;k_nearest:99999;top_node:200;distance_mode:cooc;orph:False;time_sp:homogeneous;int-thres:0.27;top_edges:99999;d_thres:0.1;period_size:None;norm:norm
2001_2021	7	chain management - Research limitations/implications	4	chain management - Research limitations/implications	1	2	4	chain management & Research limitations/implications	0.0	0.0	0.0	data analysis	0.01246439745775192	0.9719984909535717	overl_size:False;computeoptimaldistancethres:True;dist:distributional;het_typ:True;field2:Terms;CDM:louvain;nb_per:1;field1:Terms;k_nearest:99999;top_node:200;distance_mode:cooc;orph:False;time_sp:homogeneous;int-thres:0.27;top_edges:99999;d_thres:0.1;period_size:None;norm:norm
2001_2021	7	chain management - Research limitations/implications	4	chain management - Research limitations/implications	1	2	4	chain management & Research limitations/implications	0.0	0.0	0.0	systematic literature review	0.01695442077893218	0.9719984909535717	overl_size:False;computeoptimaldistancethres:True;dist:distributional;het_typ:True;field2:Terms;CDM:louvain;nb_per:1;field1:Terms;k_nearest:99999;top_node:200;distance_mode:cooc;orph:False;time_sp:homogeneous;int-thres:0.27;top_edges:99999;d_thres:0.1;period_size:None;norm:norm
2001_2021	7	chain management - Research limitations/implications	4	chain management - Research limitations/implications	1	2	4	chain management & Research limitations/implications	0.0	0.0	0.0	social network analysis	0.001962567019204037	0.9719984909535717	overl_size:False;computeoptimaldistancethres:True;dist:distributional;het_typ:True;field2:Terms;CDM:louvain;nb_per:1;field1:Terms;k_nearest:99999;top_node:200;distance_mode:cooc;orph:False;time_sp:homogeneous;int-thres:0.27;top_edges:99999;d_thres:0.1;period_size:None;norm:norm
2001_2021	7	chain management - Research limitations/implications	4	chain management - Research limitations/implications	1	2	4	chain management & Research limitations/implications	0.0	0.0	0.0	information flow	0.006117315928333851	0.9719984909535717	overl_size:False;computeoptimaldistancethres:True;dist:distributional;het_typ:True;field2:Terms;CDM:louvain;nb_per:1;field1:Terms;k_nearest:99999;top_node:200;distance_mode:cooc;orph:False;time_sp:homogeneous;int-thres:0.27;top_edges:99999;d_thres:0.1;period_size:None;norm:norm
2001_2021	7	chain management - Research limitations/implications	4	chain management - Research limitations/implications	1	2	4	chain management & Research limitations/implications	0.0	0.0	0.0	business processes	0.007621168357293294	0.9719984909535717	overl_size:False;computeoptimaldistancethres:True;dist:distributional;het_typ:True;field2:Terms;CDM:louvain;nb_per:1;field1:Terms;k_nearest:99999;top_node:200;distance_mode:cooc;orph:False;time_sp:homogeneous;int-thres:0.27;top_edges:99999;d_thres:0.1;period_size:None;norm:norm
2001_2021	7	chain management - Research limitations/implications	4	chain management - Research limitations/implications	1	2	4	chain management & Research limitations/implications	0.0	0.0	0.0	information technology	0.021806487848929475	0.9719984909535717	overl_size:False;computeoptimaldistancethres:True;dist:distributional;het_typ:True;field2:Terms;CDM:louvain;nb_per:1;field1:Terms;k_nearest:99999;top_node:200;distance_mode:cooc;orph:False;time_sp:homogeneous;int-thres:0.27;top_edges:99999;d_thres:0.1;period_size:None;norm:norm
2001_2021	7	chain management - Research limitations/implications	4	chain management - Research limitations/implications	1	2	4	chain management & Research limitations/implications	0.0	0.0	0.0	simulation model	0.0003423059957758975	0.9719984909535717	overl_size:False;computeoptimaldistancethres:True;dist:distributional;het_typ:True;field2:Terms;CDM:louvain;nb_per:1;field1:Terms;k_nearest:99999;top_node:200;distance_mode:cooc;orph:False;time_sp:homogeneous;int-thres:0.27;top_edges:99999;d_thres:0.1;period_size:None;norm:norm
2001_2021	7	chain management - Research limitations/implications	4	chain management - Research limitations/implications	1	2	4	chain management & Research limitations/implications	0.0	0.0	0.0	business performance	0.0168473555540667	0.9719984909535717	overl_size:False;computeoptimaldistancethres:True;dist:distributional;het_typ:True;field2:Terms;CDM:louvain;nb_per:1;field1:Terms;k_nearest:99999;top_node:200;distance_mode:cooc;orph:False;time_sp:homogeneous;int-thres:0.27;top_edges:99999;d_thres:0.1;period_size:None;norm:norm
2001_2021	7	chain management - Research limitations/implications	4	chain management - Research limitations/implications	1	2	4	chain management & Research limitations/implications	0.0	0.0	0.0	survey data	0.024067311427002188	0.9719984909535717	overl_size:False;computeoptimaldistancethres:True;dist:distributional;het_typ:True;field2:Terms;CDM:louvain;nb_per:1;field1:Terms;k_nearest:99999;top_node:200;distance_mode:cooc;orph:False;time_sp:homogeneous;int-thres:0.27;top_edges:99999;d_thres:0.1;period_size:None;norm:norm
2001_2021	7	chain management - Research limitations/implications	4	chain management - Research limitations/implications	1	2	4	chain management & Research limitations/implications	0.0	0.0	0.0	chain partners	0.011372494876581055	0.9719984909535717	overl_size:False;computeoptimaldistancethres:True;dist:distributional;het_typ:True;field2:Terms;CDM:louvain;nb_per:1;field1:Terms;k_nearest:99999;top_node:200;distance_mode:cooc;orph:False;time_sp:homogeneous;int-thres:0.27;top_edges:99999;d_thres:0.1;period_size:None;norm:norm
2001_2021	7	chain management - Research limitations/implications	4	chain management - Research limitations/implications	1	2	4	chain management & Research limitations/implications	0.0	0.0	0.0	sustainability assessment	0.0003301340661276345	0.9719984909535717	overl_size:False;computeoptimaldistancethres:True;dist:distributional;het_typ:True;field2:Terms;CDM:louvain;nb_per:1;field1:Terms;k_nearest:99999;top_node:200;distance_mode:cooc;orph:False;time_sp:homogeneous;int-thres:0.27;top_edges:99999;d_thres:0.1;period_size:None;norm:norm
2001_2021	7	chain management - Research limitations/implications	4	chain management - Research limitations/implications	1	2	4	chain management & Research limitations/implications	0.0	0.0	0.0	empirical evidence	0.02814814576323678	0.9719984909535717	overl_size:False;computeoptimaldistancethres:True;dist:distributional;het_typ:True;field2:Terms;CDM:louvain;nb_per:1;field1:Terms;k_nearest:99999;top_node:200;distance_mode:cooc;orph:False;time_sp:homogeneous;int-thres:0.27;top_edges:99999;d_thres:0.1;period_size:None;norm:norm
2001_2021	7	chain management - Research limitations/implications	4	chain management - Research limitations/implications	1	2	4	chain management & Research limitations/implications	0.0	0.0	0.0	purpose of this paper	0.03120510021830738	0.9719984909535717	overl_size:False;computeoptimaldistancethres:True;dist:distributional;het_typ:True;field2:Terms;CDM:louvain;nb_per:1;field1:Terms;k_nearest:99999;top_node:200;distance_mode:cooc;orph:False;time_sp:homogeneous;int-thres:0.27;top_edges:99999;d_thres:0.1;period_size:None;norm:norm
2001_2021	7	chain management - Research limitations/implications	4	chain management - Research limitations/implications	1	2	4	chain management & Research limitations/implications	0.0	0.0	0.0	conceptual framework	0.015620307493470003	0.9719984909535717	overl_size:False;computeoptimaldistancethres:True;dist:distributional;het_typ:True;field2:Terms;CDM:louvain;nb_per:1;field1:Terms;k_nearest:99999;top_node:200;distance_mode:cooc;orph:False;time_sp:homogeneous;int-thres:0.27;top_edges:99999;d_thres:0.1;period_size:None;norm:norm
2001_2021	7	chain management - Research limitations/implications	4	chain management - Research limitations/implications	1	2	4	chain management & Research limitations/implications	0.0	0.0	0.0	chain management	0.03845228417245692	0.9719984909535717	overl_size:False;computeoptimaldistancethres:True;dist:distributional;het_typ:True;field2:Terms;CDM:louvain;nb_per:1;field1:Terms;k_nearest:99999;top_node:200;distance_mode:cooc;orph:False;time_sp:homogeneous;int-thres:0.27;top_edges:99999;d_thres:0.1;period_size:None;norm:norm
2001_2021	7	chain management - Research limitations/implications	4	chain management - Research limitations/implications	1	2	4	chain management & Research limitations/implications	0.0	0.0	0.0	sustainability practices	0.01774038686398054	0.9719984909535717	overl_size:False;computeoptimaldistancethres:True;dist:distributional;het_typ:True;field2:Terms;CDM:louvain;nb_per:1;field1:Terms;k_nearest:99999;top_node:200;distance_mode:cooc;orph:False;time_sp:homogeneous;int-thres:0.27;top_edges:99999;d_thres:0.1;period_size:None;norm:norm
2001_2021	7	chain management - Research limitations/implications	4	chain management - Research limitations/implications	1	2	4	chain management & Research limitations/implications	0.0	0.0	0.0	GSCM practices	0.01730711970556021	0.9719984909535717	overl_size:False;computeoptimaldistancethres:True;dist:distributional;het_typ:True;field2:Terms;CDM:louvain;nb_per:1;field1:Terms;k_nearest:99999;top_node:200;distance_mode:cooc;orph:False;time_sp:homogeneous;int-thres:0.27;top_edges:99999;d_thres:0.1;period_size:None;norm:norm
2001_2021	7	chain management - Research limitations/implications	4	chain management - Research limitations/implications	1	2	4	chain management & Research limitations/implications	0.0	0.0	0.0	chain performance	0.012142384418155015	0.9719984909535717	overl_size:False;computeoptimaldistancethres:True;dist:distributional;het_typ:True;field2:Terms;CDM:louvain;nb_per:1;field1:Terms;k_nearest:99999;top_node:200;distance_mode:cooc;orph:False;time_sp:homogeneous;int-thres:0.27;top_edges:99999;d_thres:0.1;period_size:None;norm:norm
2001_2021	7	chain management - Research limitations/implications	4	chain management - Research limitations/implications	1	2	4	chain management & Research limitations/implications	0.0	0.0	0.0	business environment	0.014551006020886102	0.9719984909535717	overl_size:False;computeoptimaldistancethres:True;dist:distributional;het_typ:True;field2:Terms;CDM:louvain;nb_per:1;field1:Terms;k_nearest:99999;top_node:200;distance_mode:cooc;orph:False;time_sp:homogeneous;int-thres:0.27;top_edges:99999;d_thres:0.1;period_size:None;norm:norm
2001_2021	7	chain management - Research limitations/implications	4	chain management - Research limitations/implications	1	2	4	chain management & Research limitations/implications	0.0	0.0	0.0	literature review	0.023899278857721862	0.9719984909535717	overl_size:False;computeoptimaldistancethres:True;dist:distributional;het_typ:True;field2:Terms;CDM:louvain;nb_per:1;field1:Terms;k_nearest:99999;top_node:200;distance_mode:cooc;orph:False;time_sp:homogeneous;int-thres:0.27;top_edges:99999;d_thres:0.1;period_size:None;norm:norm
2001_2021	7	chain management - Research limitations/implications	4	chain management - Research limitations/implications	1	2	4	chain management & Research limitations/implications	0.0	0.0	0.0	success factors	0.004921811198483281	0.9719984909535717	overl_size:False;computeoptimaldistancethres:True;dist:distributional;het_typ:True;field2:Terms;CDM:louvain;nb_per:1;field1:Terms;k_nearest:99999;top_node:200;distance_mode:cooc;orph:False;time_sp:homogeneous;int-thres:0.27;top_edges:99999;d_thres:0.1;period_size:None;norm:norm
2001_2021	7	chain management - Research limitations/implications	4	chain management - Research limitations/implications	1	2	4	chain management & Research limitations/implications	0.0	0.0	0.0	research study	0.01534866703099673	0.9719984909535717	overl_size:False;computeoptimaldistancethres:True;dist:distributional;het_typ:True;field2:Terms;CDM:louvain;nb_per:1;field1:Terms;k_nearest:99999;top_node:200;distance_mode:cooc;orph:False;time_sp:homogeneous;int-thres:0.27;top_edges:99999;d_thres:0.1;period_size:None;norm:norm
2001_2021	7	chain management - Research limitations/implications	4	chain management - Research limitations/implications	1	2	4	chain management & Research limitations/implications	0.0	0.0	0.0	structural equation	0.029134569418228336	0.9719984909535717	overl_size:False;computeoptimaldistancethres:True;dist:distributional;het_typ:True;field2:Terms;CDM:louvain;nb_per:1;field1:Terms;k_nearest:99999;top_node:200;distance_mode:cooc;orph:False;time_sp:homogeneous;int-thres:0.27;top_edges:99999;d_thres:0.1;period_size:None;norm:norm
2001_2021	7	chain management - Research limitations/implications	4	chain management - Research limitations/implications	1	2	4	chain management & Research limitations/implications	0.0	0.0	0.0	critical success factors	0.014566055142692297	0.9719984909535717	overl_size:False;computeoptimaldistancethres:True;dist:distributional;het_typ:True;field2:Terms;CDM:louvain;nb_per:1;field1:Terms;k_nearest:99999;top_node:200;distance_mode:cooc;orph:False;time_sp:homogeneous;int-thres:0.27;top_edges:99999;d_thres:0.1;period_size:None;norm:norm
2001_2021	7	chain management - Research limitations/implications	4	chain management - Research limitations/implications	1	2	4	chain management & Research limitations/implications	0.0	0.0	0.0	management practices	0.013655106054289743	0.9719984909535717	overl_size:False;computeoptimaldistancethres:True;dist:distributional;het_typ:True;field2:Terms;CDM:louvain;nb_per:1;field1:Terms;k_nearest:99999;top_node:200;distance_mode:cooc;orph:False;time_sp:homogeneous;int-thres:0.27;top_edges:99999;d_thres:0.1;period_size:None;norm:norm
2001_2021	7	chain management - Research limitations/implications	4	chain management - Research limitations/implications	1	2	4	chain management & Research limitations/implications	0.0	0.0	0.0	management system	0.008532620126702166	0.9719984909535717	overl_size:False;computeoptimaldistancethres:True;dist:distributional;het_typ:True;field2:Terms;CDM:louvain;nb_per:1;field1:Terms;k_nearest:99999;top_node:200;distance_mode:cooc;orph:False;time_sp:homogeneous;int-thres:0.27;top_edges:99999;d_thres:0.1;period_size:None;norm:norm
2001_2021	7	chain management - Research limitations/implications	4	chain management - Research limitations/implications	1	2	4	chain management & Research limitations/implications	0.0	0.0	0.0	purpose of this study	0.01957337274749471	0.9719984909535717	overl_size:False;computeoptimaldistancethres:True;dist:distributional;het_typ:True;field2:Terms;CDM:louvain;nb_per:1;field1:Terms;k_nearest:99999;top_node:200;distance_mode:cooc;orph:False;time_sp:homogeneous;int-thres:0.27;top_edges:99999;d_thres:0.1;period_size:None;norm:norm
2001_2021	7	chain management - Research limitations/implications	4	chain management - Research limitations/implications	1	2	4	chain management & Research limitations/implications	0.0	0.0	0.0	research questions	0.016408507985449478	0.9719984909535717	overl_size:False;computeoptimaldistancethres:True;dist:distributional;het_typ:True;field2:Terms;CDM:louvain;nb_per:1;field1:Terms;k_nearest:99999;top_node:200;distance_mode:cooc;orph:False;time_sp:homogeneous;int-thres:0.27;top_edges:99999;d_thres:0.1;period_size:None;norm:norm
2001_2021	7	chain management - Research limitations/implications	4	chain management - Research limitations/implications	1	2	4	chain management & Research limitations/implications	0.0	0.0	0.0	future research	0.018418483812809562	0.9719984909535717	overl_size:False;computeoptimaldistancethres:True;dist:distributional;het_typ:True;field2:Terms;CDM:louvain;nb_per:1;field1:Terms;k_nearest:99999;top_node:200;distance_mode:cooc;orph:False;time_sp:homogeneous;int-thres:0.27;top_edges:99999;d_thres:0.1;period_size:None;norm:norm
2001_2021	7	chain management - Research limitations/implications	4	chain management - Research limitations/implications	1	2	4	chain management & Research limitations/implications	0.0	0.0	0.0	chain agility	0.008895094078719584	0.9719984909535717	overl_size:False;computeoptimaldistancethres:True;dist:distributional;het_typ:True;field2:Terms;CDM:louvain;nb_per:1;field1:Terms;k_nearest:99999;top_node:200;distance_mode:cooc;orph:False;time_sp:homogeneous;int-thres:0.27;top_edges:99999;d_thres:0.1;period_size:None;norm:norm
2001_2021	7	chain management - Research limitations/implications	4	chain management - Research limitations/implications	1	2	4	chain management & Research limitations/implications	0.0	0.0	0.0	Practical implications	0.03350041158926081	0.9719984909535717	overl_size:False;computeoptimaldistancethres:True;dist:distributional;het_typ:True;field2:Terms;CDM:louvain;nb_per:1;field1:Terms;k_nearest:99999;top_node:200;distance_mode:cooc;orph:False;time_sp:homogeneous;int-thres:0.27;top_edges:99999;d_thres:0.1;period_size:None;norm:norm
2001_2021	7	chain management - Research limitations/implications	4	chain management - Research limitations/implications	1	2	4	chain management & Research limitations/implications	0.0	0.0	0.0	knowledge management	0.002945394520820072	0.9719984909535717	overl_size:False;computeoptimaldistancethres:True;dist:distributional;het_typ:True;field2:Terms;CDM:louvain;nb_per:1;field1:Terms;k_nearest:99999;top_node:200;distance_mode:cooc;orph:False;time_sp:homogeneous;int-thres:0.27;top_edges:99999;d_thres:0.1;period_size:None;norm:norm
2001_2021	7	chain management - Research limitations/implications	4	chain management - Research limitations/implications	1	2	4	chain management & Research limitations/implications	0.0	0.0	0.0	blockchain technology	0.009245320287600452	0.9719984909535717	overl_size:False;computeoptimaldistancethres:True;dist:distributional;het_typ:True;field2:Terms;CDM:louvain;nb_per:1;field1:Terms;k_nearest:99999;top_node:200;distance_mode:cooc;orph:False;time_sp:homogeneous;int-thres:0.27;top_edges:99999;d_thres:0.1;period_size:None;norm:norm
2001_2021	7	chain management - Research limitations/implications	4	chain management - Research limitations/implications	1	2	4	chain management & Research limitations/implications	0.0	0.0	0.0	Internet of Things	0.005858118297873416	0.9719984909535717	overl_size:False;computeoptimaldistancethres:True;dist:distributional;het_typ:True;field2:Terms;CDM:louvain;nb_per:1;field1:Terms;k_nearest:99999;top_node:200;distance_mode:cooc;orph:False;time_sp:homogeneous;int-thres:0.27;top_edges:99999;d_thres:0.1;period_size:None;norm:norm
2001_2021	7	chain management - Research limitations/implications	4	chain management - Research limitations/implications	1	2	4	chain management & Research limitations/implications	0.0	0.0	0.0	future research directions	0.012739070354376941	0.9719984909535717	overl_size:False;computeoptimaldistancethres:True;dist:distributional;het_typ:True;field2:Terms;CDM:louvain;nb_per:1;field1:Terms;k_nearest:99999;top_node:200;distance_mode:cooc;orph:False;time_sp:homogeneous;int-thres:0.27;top_edges:99999;d_thres:0.1;period_size:None;norm:norm
2001_2021	7	chain management - Research limitations/implications	4	chain management - Research limitations/implications	1	2	4	chain management & Research limitations/implications	0.0	0.0	0.0	business models	0.010334996340365013	0.9719984909535717	overl_size:False;computeoptimaldistancethres:True;dist:distributional;het_typ:True;field2:Terms;CDM:louvain;nb_per:1;field1:Terms;k_nearest:99999;top_node:200;distance_mode:cooc;orph:False;time_sp:homogeneous;int-thres:0.27;top_edges:99999;d_thres:0.1;period_size:None;norm:norm
2001_2021	7	chain management - Research limitations/implications	4	chain management - Research limitations/implications	1	2	4	chain management & Research limitations/implications	0.0	0.0	0.0	Triple bottom line	0.004064263050609153	0.9719984909535717	overl_size:False;computeoptimaldistancethres:True;dist:distributional;het_typ:True;field2:Terms;CDM:louvain;nb_per:1;field1:Terms;k_nearest:99999;top_node:200;distance_mode:cooc;orph:False;time_sp:homogeneous;int-thres:0.27;top_edges:99999;d_thres:0.1;period_size:None;norm:norm
2001_2021	7	chain management - Research limitations/implications	4	chain management - Research limitations/implications	1	2	4	chain management & Research limitations/implications	0.0	0.0	0.0	chain resilience	0.01389528456540425	0.9719984909535717	overl_size:False;computeoptimaldistancethres:True;dist:distributional;het_typ:True;field2:Terms;CDM:louvain;nb_per:1;field1:Terms;k_nearest:99999;top_node:200;distance_mode:cooc;orph:False;time_sp:homogeneous;int-thres:0.27;top_edges:99999;d_thres:0.1;period_size:None;norm:norm
2001_2021	7	chain management - Research limitations/implications	4	chain management - Research limitations/implications	1	2	4	chain management & Research limitations/implications	0.0	0.0	0.0	manufacturing firms	0.02564740432594523	0.9719984909535717	overl_size:False;computeoptimaldistancethres:True;dist:distributional;het_typ:True;field2:Terms;CDM:louvain;nb_per:1;field1:Terms;k_nearest:99999;top_node:200;distance_mode:cooc;orph:False;time_sp:homogeneous;int-thres:0.27;top_edges:99999;d_thres:0.1;period_size:None;norm:norm
2001_2021	7	chain management - Research limitations/implications	4	chain management - Research limitations/implications	1	2	4	chain management & Research limitations/implications	0.0	0.0	0.0	information sharing	0.016814906427041677	0.9719984909535717	overl_size:False;computeoptimaldistancethres:True;dist:distributional;het_typ:True;field2:Terms;CDM:louvain;nb_per:1;field1:Terms;k_nearest:99999;top_node:200;distance_mode:cooc;orph:False;time_sp:homogeneous;int-thres:0.27;top_edges:99999;d_thres:0.1;period_size:None;norm:norm
2001_2021	7	chain management - Research limitations/implications	4	chain management - Research limitations/implications	1	2	4	chain management & Research limitations/implications	0.0	0.0	0.0	quality management	0.011882537787837412	0.9719984909535717	overl_size:False;computeoptimaldistancethres:True;dist:distributional;het_typ:True;field2:Terms;CDM:louvain;nb_per:1;field1:Terms;k_nearest:99999;top_node:200;distance_mode:cooc;orph:False;time_sp:homogeneous;int-thres:0.27;top_edges:99999;d_thres:0.1;period_size:None;norm:norm
2001_2021	7	chain management - Research limitations/implications	4	chain management - Research limitations/implications	1	2	4	chain management & Research limitations/implications	0.0	0.0	0.0	performance measurement	0.008147047948384818	0.9719984909535717	overl_size:False;computeoptimaldistancethres:True;dist:distributional;het_typ:True;field2:Terms;CDM:louvain;nb_per:1;field1:Terms;k_nearest:99999;top_node:200;distance_mode:cooc;orph:False;time_sp:homogeneous;int-thres:0.27;top_edges:99999;d_thres:0.1;period_size:None;norm:norm
2001_2021	7	chain management - Research limitations/implications	4	chain management - Research limitations/implications	1	2	4	chain management & Research limitations/implications	0.0	0.0	0.0	sustainability performance	0.012247218626855556	0.9719984909535717	overl_size:False;computeoptimaldistancethres:True;dist:distributional;het_typ:True;field2:Terms;CDM:louvain;nb_per:1;field1:Terms;k_nearest:99999;top_node:200;distance_mode:cooc;orph:False;time_sp:homogeneous;int-thres:0.27;top_edges:99999;d_thres:0.1;period_size:None;norm:norm
2001_2021	7	chain management - Research limitations/implications	4	chain management - Research limitations/implications	1	2	4	chain management & Research limitations/implications	0.0	0.0	0.0	research gaps	0.008729129201470698	0.9719984909535717	overl_size:False;computeoptimaldistancethres:True;dist:distributional;het_typ:True;field2:Terms;CDM:louvain;nb_per:1;field1:Terms;k_nearest:99999;top_node:200;distance_mode:cooc;orph:False;time_sp:homogeneous;int-thres:0.27;top_edges:99999;d_thres:0.1;period_size:None;norm:norm
2001_2021	7	chain management - Research limitations/implications	4	chain management - Research limitations/implications	1	2	4	chain management & Research limitations/implications	0.0	0.0	0.0	information systems	0.006597335184160519	0.9719984909535717	overl_size:False;computeoptimaldistancethres:True;dist:distributional;het_typ:True;field2:Terms;CDM:louvain;nb_per:1;field1:Terms;k_nearest:99999;top_node:200;distance_mode:cooc;orph:False;time_sp:homogeneous;int-thres:0.27;top_edges:99999;d_thres:0.1;period_size:None;norm:norm
2001_2021	7	chain management - Research limitations/implications	4	chain management - Research limitations/implications	1	2	4	chain management & Research limitations/implications	0.0	0.0	0.0	case study	0.0032763741336111246	0.9719984909535717	overl_size:False;computeoptimaldistancethres:True;dist:distributional;het_typ:True;field2:Terms;CDM:louvain;nb_per:1;field1:Terms;k_nearest:99999;top_node:200;distance_mode:cooc;orph:False;time_sp:homogeneous;int-thres:0.27;top_edges:99999;d_thres:0.1;period_size:None;norm:norm
2001_2021	7	chain management - Research limitations/implications	4	chain management - Research limitations/implications	1	2	4	chain management & Research limitations/implications	0.0	0.0	0.0	Research limitations/implications	0.03379825588441818	0.9719984909535717	overl_size:False;computeoptimaldistancethres:True;dist:distributional;het_typ:True;field2:Terms;CDM:louvain;nb_per:1;field1:Terms;k_nearest:99999;top_node:200;distance_mode:cooc;orph:False;time_sp:homogeneous;int-thres:0.27;top_edges:99999;d_thres:0.1;period_size:None;norm:norm
2001_2021	7	chain management - Research limitations/implications	4	chain management - Research limitations/implications	1	2	4	chain management & Research limitations/implications	0.0	0.0	0.0	research area	0.012245272266333016	0.9719984909535717	overl_size:False;computeoptimaldistancethres:True;dist:distributional;het_typ:True;field2:Terms;CDM:louvain;nb_per:1;field1:Terms;k_nearest:99999;top_node:200;distance_mode:cooc;orph:False;time_sp:homogeneous;int-thres:0.27;top_edges:99999;d_thres:0.1;period_size:None;norm:norm
2001_2021	3	mitigation strategies - chain risk	3	mitigation strategies - chain risk	1	3	3	mitigation strategies & chain risk	0.0	0.0	0.0	risk mitigation	0.12053311033843023	0.6891154814397833	overl_size:False;computeoptimaldistancethres:True;dist:distributional;het_typ:True;field2:Terms;CDM:louvain;nb_per:1;field1:Terms;k_nearest:99999;top_node:200;distance_mode:cooc;orph:False;time_sp:homogeneous;int-thres:0.27;top_edges:99999;d_thres:0.1;period_size:None;norm:norm
2001_2021	3	mitigation strategies - chain risk	3	mitigation strategies - chain risk	1	3	3	mitigation strategies & chain risk	0.0	0.0	0.0	chain risk management	0.12171892964880521	0.6891154814397833	overl_size:False;computeoptimaldistancethres:True;dist:distributional;het_typ:True;field2:Terms;CDM:louvain;nb_per:1;field1:Terms;k_nearest:99999;top_node:200;distance_mode:cooc;orph:False;time_sp:homogeneous;int-thres:0.27;top_edges:99999;d_thres:0.1;period_size:None;norm:norm
2001_2021	3	mitigation strategies - chain risk	3	mitigation strategies - chain risk	1	3	3	mitigation strategies & chain risk	0.0	0.0	0.0	management strategies	0.017960994545036312	0.6891154814397833	overl_size:False;computeoptimaldistancethres:True;dist:distributional;het_typ:True;field2:Terms;CDM:louvain;nb_per:1;field1:Terms;k_nearest:99999;top_node:200;distance_mode:cooc;orph:False;time_sp:homogeneous;int-thres:0.27;top_edges:99999;d_thres:0.1;period_size:None;norm:norm
2001_2021	3	mitigation strategies - chain risk	3	mitigation strategies - chain risk	1	3	3	mitigation strategies & chain risk	0.0	0.0	0.0	chain risk	0.12364165760651123	0.6891154814397833	overl_size:False;computeoptimaldistancethres:True;dist:distributional;het_typ:True;field2:Terms;CDM:louvain;nb_per:1;field1:Terms;k_nearest:99999;top_node:200;distance_mode:cooc;orph:False;time_sp:homogeneous;int-thres:0.27;top_edges:99999;d_thres:0.1;period_size:None;norm:norm
2001_2021	3	mitigation strategies - chain risk	3	mitigation strategies - chain risk	1	3	3	mitigation strategies & chain risk	0.0	0.0	0.0	disruption risks	0.037571826838661636	0.6891154814397833	overl_size:False;computeoptimaldistancethres:True;dist:distributional;het_typ:True;field2:Terms;CDM:louvain;nb_per:1;field1:Terms;k_nearest:99999;top_node:200;distance_mode:cooc;orph:False;time_sp:homogeneous;int-thres:0.27;top_edges:99999;d_thres:0.1;period_size:None;norm:norm
2001_2021	3	mitigation strategies - chain risk	3	mitigation strategies - chain risk	1	3	3	mitigation strategies & chain risk	0.0	0.0	0.0	risk management	0.11122201472399038	0.6891154814397833	overl_size:False;computeoptimaldistancethres:True;dist:distributional;het_typ:True;field2:Terms;CDM:louvain;nb_per:1;field1:Terms;k_nearest:99999;top_node:200;distance_mode:cooc;orph:False;time_sp:homogeneous;int-thres:0.27;top_edges:99999;d_thres:0.1;period_size:None;norm:norm
2001_2021	3	mitigation strategies - chain risk	3	mitigation strategies - chain risk	1	3	3	mitigation strategies & chain risk	0.0	0.0	0.0	risk factors	0.05896137834805563	0.6891154814397833	overl_size:False;computeoptimaldistancethres:True;dist:distributional;het_typ:True;field2:Terms;CDM:louvain;nb_per:1;field1:Terms;k_nearest:99999;top_node:200;distance_mode:cooc;orph:False;time_sp:homogeneous;int-thres:0.27;top_edges:99999;d_thres:0.1;period_size:None;norm:norm
2001_2021	3	mitigation strategies - chain risk	3	mitigation strategies - chain risk	1	3	3	mitigation strategies & chain risk	0.0	0.0	0.0	chain disruptions	0.10048450010431384	0.6891154814397833	overl_size:False;computeoptimaldistancethres:True;dist:distributional;het_typ:True;field2:Terms;CDM:louvain;nb_per:1;field1:Terms;k_nearest:99999;top_node:200;distance_mode:cooc;orph:False;time_sp:homogeneous;int-thres:0.27;top_edges:99999;d_thres:0.1;period_size:None;norm:norm
2001_2021	3	mitigation strategies - chain risk	3	mitigation strategies - chain risk	1	3	3	mitigation strategies & chain risk	0.0	0.0	0.0	natural disasters	0.030069800844031554	0.6891154814397833	overl_size:False;computeoptimaldistancethres:True;dist:distributional;het_typ:True;field2:Terms;CDM:louvain;nb_per:1;field1:Terms;k_nearest:99999;top_node:200;distance_mode:cooc;orph:False;time_sp:homogeneous;int-thres:0.27;top_edges:99999;d_thres:0.1;period_size:None;norm:norm
2001_2021	3	mitigation strategies - chain risk	3	mitigation strategies - chain risk	1	3	3	mitigation strategies & chain risk	0.0	0.0	0.0	mitigation strategies	0.12391451934605192	0.6891154814397833	overl_size:False;computeoptimaldistancethres:True;dist:distributional;het_typ:True;field2:Terms;CDM:louvain;nb_per:1;field1:Terms;k_nearest:99999;top_node:200;distance_mode:cooc;orph:False;time_sp:homogeneous;int-thres:0.27;top_edges:99999;d_thres:0.1;period_size:None;norm:norm
2001_2021	3	mitigation strategies - chain risk	3	mitigation strategies - chain risk	1	3	3	mitigation strategies & chain risk	0.0	0.0	0.0	risk analysis	0.1139336509345546	0.6891154814397833	overl_size:False;computeoptimaldistancethres:True;dist:distributional;het_typ:True;field2:Terms;CDM:louvain;nb_per:1;field1:Terms;k_nearest:99999;top_node:200;distance_mode:cooc;orph:False;time_sp:homogeneous;int-thres:0.27;top_edges:99999;d_thres:0.1;period_size:None;norm:norm
2001_2021	3	mitigation strategies - chain risk	3	mitigation strategies - chain risk	1	3	3	mitigation strategies & chain risk	0.0	0.0	0.0	risk assessment	0.03998761672155728	0.6891154814397833	overl_size:False;computeoptimaldistancethres:True;dist:distributional;het_typ:True;field2:Terms;CDM:louvain;nb_per:1;field1:Terms;k_nearest:99999;top_node:200;distance_mode:cooc;orph:False;time_sp:homogeneous;int-thres:0.27;top_edges:99999;d_thres:0.1;period_size:None;norm:norm
2001_2021	4	product design - product development	2	product design - product development	1	4	6	product design & product development	0.0	0.0	0.0	product life cycle	0.10788843465342658	0.8906551261799962	overl_size:False;computeoptimaldistancethres:True;dist:distributional;het_typ:True;field2:Terms;CDM:louvain;nb_per:1;field1:Terms;k_nearest:99999;top_node:200;distance_mode:cooc;orph:False;time_sp:homogeneous;int-thres:0.27;top_edges:99999;d_thres:0.1;period_size:None;norm:norm
2001_2021	4	product design - product development	2	product design - product development	1	4	6	product design & product development	0.0	0.0	0.0	product design	0.23655926385828174	0.8906551261799962	overl_size:False;computeoptimaldistancethres:True;dist:distributional;het_typ:True;field2:Terms;CDM:louvain;nb_per:1;field1:Terms;k_nearest:99999;top_node:200;distance_mode:cooc;orph:False;time_sp:homogeneous;int-thres:0.27;top_edges:99999;d_thres:0.1;period_size:None;norm:norm
2001_2021	4	product design - product development	2	product design - product development	1	4	6	product design & product development	0.0	0.0	0.0	product development	0.1938552915638089	0.8906551261799962	overl_size:False;computeoptimaldistancethres:True;dist:distributional;het_typ:True;field2:Terms;CDM:louvain;nb_per:1;field1:Terms;k_nearest:99999;top_node:200;distance_mode:cooc;orph:False;time_sp:homogeneous;int-thres:0.27;top_edges:99999;d_thres:0.1;period_size:None;norm:norm
2001_2021	4	product design - product development	2	product design - product development	1	4	6	product design & product development	0.0	0.0	0.0	product lifecycle	0.17329783349430478	0.8906551261799962	overl_size:False;computeoptimaldistancethres:True;dist:distributional;het_typ:True;field2:Terms;CDM:louvain;nb_per:1;field1:Terms;k_nearest:99999;top_node:200;distance_mode:cooc;orph:False;time_sp:homogeneous;int-thres:0.27;top_edges:99999;d_thres:0.1;period_size:None;norm:norm
2001_2021	4	product design - product development	2	product design - product development	1	4	6	product design & product development	0.0	0.0	0.0	New product development	0.14163070694497262	0.8906551261799962	overl_size:False;computeoptimaldistancethres:True;dist:distributional;het_typ:True;field2:Terms;CDM:louvain;nb_per:1;field1:Terms;k_nearest:99999;top_node:200;distance_mode:cooc;orph:False;time_sp:homogeneous;int-thres:0.27;top_edges:99999;d_thres:0.1;period_size:None;norm:norm
2001_2021	4	product design - product development	2	product design - product development	1	4	6	product design & product development	0.0	0.0	0.0	new products	0.14676846948520544	0.8906551261799962	overl_size:False;computeoptimaldistancethres:True;dist:distributional;het_typ:True;field2:Terms;CDM:louvain;nb_per:1;field1:Terms;k_nearest:99999;top_node:200;distance_mode:cooc;orph:False;time_sp:homogeneous;int-thres:0.27;top_edges:99999;d_thres:0.1;period_size:None;norm:norm
2001_2021	1	supplier evaluation - decision making	6	supplier evaluation - decision making	1	5	5	supplier evaluation & decision making	0.0	0.0	0.0	decision support system	0.007485014603785967	0.9440090118406049	overl_size:False;computeoptimaldistancethres:True;dist:distributional;het_typ:True;field2:Terms;CDM:louvain;nb_per:1;field1:Terms;k_nearest:99999;top_node:200;distance_mode:cooc;orph:False;time_sp:homogeneous;int-thres:0.27;top_edges:99999;d_thres:0.1;period_size:None;norm:norm
2001_2021	1	supplier evaluation - decision making	6	supplier evaluation - decision making	1	5	5	supplier evaluation & decision making	0.0	0.0	0.0	decision makers	0.03607321071075813	0.9440090118406049	overl_size:False;computeoptimaldistancethres:True;dist:distributional;het_typ:True;field2:Terms;CDM:louvain;nb_per:1;field1:Terms;k_nearest:99999;top_node:200;distance_mode:cooc;orph:False;time_sp:homogeneous;int-thres:0.27;top_edges:99999;d_thres:0.1;period_size:None;norm:norm
2001_2021	1	supplier evaluation - decision making	6	supplier evaluation - decision making	1	5	5	supplier evaluation & decision making	0.0	0.0	0.0	Green supplier selection	0.053833339033960814	0.9440090118406049	overl_size:False;computeoptimaldistancethres:True;dist:distributional;het_typ:True;field2:Terms;CDM:louvain;nb_per:1;field1:Terms;k_nearest:99999;top_node:200;distance_mode:cooc;orph:False;time_sp:homogeneous;int-thres:0.27;top_edges:99999;d_thres:0.1;period_size:None;norm:norm
2001_2021	1	supplier evaluation - decision making	6	supplier evaluation - decision making	1	5	5	supplier evaluation & decision making	0.0	0.0	0.0	decision support	0.001959172903632177	0.9440090118406049	overl_size:False;computeoptimaldistancethres:True;dist:distributional;het_typ:True;field2:Terms;CDM:louvain;nb_per:1;field1:Terms;k_nearest:99999;top_node:200;distance_mode:cooc;orph:False;time_sp:homogeneous;int-thres:0.27;top_edges:99999;d_thres:0.1;period_size:None;norm:norm
2001_2021	1	supplier evaluation - decision making	6	supplier evaluation - decision making	1	5	5	supplier evaluation & decision making	0.0	0.0	0.0	proposed method	0.05599179770264576	0.9440090118406049	overl_size:False;computeoptimaldistancethres:True;dist:distributional;het_typ:True;field2:Terms;CDM:louvain;nb_per:1;field1:Terms;k_nearest:99999;top_node:200;distance_mode:cooc;orph:False;time_sp:homogeneous;int-thres:0.27;top_edges:99999;d_thres:0.1;period_size:None;norm:norm
2001_2021	1	supplier evaluation - decision making	6	supplier evaluation - decision making	1	5	5	supplier evaluation & decision making	0.0	0.0	0.0	supplier selection problem	0.07422648486398714	0.9440090118406049	overl_size:False;computeoptimaldistancethres:True;dist:distributional;het_typ:True;field2:Terms;CDM:louvain;nb_per:1;field1:Terms;k_nearest:99999;top_node:200;distance_mode:cooc;orph:False;time_sp:homogeneous;int-thres:0.27;top_edges:99999;d_thres:0.1;period_size:None;norm:norm
2001_2021	1	supplier evaluation - decision making	6	supplier evaluation - decision making	1	5	5	supplier evaluation & decision making	0.0	0.0	0.0	performance evaluation	0.011372090615206191	0.9440090118406049	overl_size:False;computeoptimaldistancethres:True;dist:distributional;het_typ:True;field2:Terms;CDM:louvain;nb_per:1;field1:Terms;k_nearest:99999;top_node:200;distance_mode:cooc;orph:False;time_sp:homogeneous;int-thres:0.27;top_edges:99999;d_thres:0.1;period_size:None;norm:norm
2001_2021	1	supplier evaluation - decision making	6	supplier evaluation - decision making	1	5	5	supplier evaluation & decision making	0.0	0.0	0.0	Sustainable supplier selection	0.05729286219092071	0.9440090118406049	overl_size:False;computeoptimaldistancethres:True;dist:distributional;het_typ:True;field2:Terms;CDM:louvain;nb_per:1;field1:Terms;k_nearest:99999;top_node:200;distance_mode:cooc;orph:False;time_sp:homogeneous;int-thres:0.27;top_edges:99999;d_thres:0.1;period_size:None;norm:norm
2001_2021	1	supplier evaluation - decision making	6	supplier evaluation - decision making	1	5	5	supplier evaluation & decision making	0.0	0.0	0.0	Analytic hierarchy process	0.05442240291184824	0.9440090118406049	overl_size:False;computeoptimaldistancethres:True;dist:distributional;het_typ:True;field2:Terms;CDM:louvain;nb_per:1;field1:Terms;k_nearest:99999;top_node:200;distance_mode:cooc;orph:False;time_sp:homogeneous;int-thres:0.27;top_edges:99999;d_thres:0.1;period_size:None;norm:norm
2001_2021	1	supplier evaluation - decision making	6	supplier evaluation - decision making	1	5	5	supplier evaluation & decision making	0.0	0.0	0.0	evaluation laboratory	0.06590611098452255	0.9440090118406049	overl_size:False;computeoptimaldistancethres:True;dist:distributional;het_typ:True;field2:Terms;CDM:louvain;nb_per:1;field1:Terms;k_nearest:99999;top_node:200;distance_mode:cooc;orph:False;time_sp:homogeneous;int-thres:0.27;top_edges:99999;d_thres:0.1;period_size:None;norm:norm
2001_2021	1	supplier evaluation - decision making	6	supplier evaluation - decision making	1	5	5	supplier evaluation & decision making	0.0	0.0	0.0	decision making	0.07920164856098778	0.9440090118406049	overl_size:False;computeoptimaldistancethres:True;dist:distributional;het_typ:True;field2:Terms;CDM:louvain;nb_per:1;field1:Terms;k_nearest:99999;top_node:200;distance_mode:cooc;orph:False;time_sp:homogeneous;int-thres:0.27;top_edges:99999;d_thres:0.1;period_size:None;norm:norm
2001_2021	1	supplier evaluation - decision making	6	supplier evaluation - decision making	1	5	5	supplier evaluation & decision making	0.0	0.0	0.0	order allocation	0.04304454419639814	0.9440090118406049	overl_size:False;computeoptimaldistancethres:True;dist:distributional;het_typ:True;field2:Terms;CDM:louvain;nb_per:1;field1:Terms;k_nearest:99999;top_node:200;distance_mode:cooc;orph:False;time_sp:homogeneous;int-thres:0.27;top_edges:99999;d_thres:0.1;period_size:None;norm:norm
2001_2021	1	supplier evaluation - decision making	6	supplier evaluation - decision making	1	5	5	supplier evaluation & decision making	0.0	0.0	0.0	Analytic network process	0.07173521550609264	0.9440090118406049	overl_size:False;computeoptimaldistancethres:True;dist:distributional;het_typ:True;field2:Terms;CDM:louvain;nb_per:1;field1:Terms;k_nearest:99999;top_node:200;distance_mode:cooc;orph:False;time_sp:homogeneous;int-thres:0.27;top_edges:99999;d_thres:0.1;period_size:None;norm:norm
2001_2021	1	supplier evaluation - decision making	6	supplier evaluation - decision making	1	5	5	supplier evaluation & decision making	0.0	0.0	0.0	criteria decision	0.07505128939934087	0.9440090118406049	overl_size:False;computeoptimaldistancethres:True;dist:distributional;het_typ:True;field2:Terms;CDM:louvain;nb_per:1;field1:Terms;k_nearest:99999;top_node:200;distance_mode:cooc;orph:False;time_sp:homogeneous;int-thres:0.27;top_edges:99999;d_thres:0.1;period_size:None;norm:norm
2001_2021	1	supplier evaluation - decision making	6	supplier evaluation - decision making	1	5	5	supplier evaluation & decision making	0.0	0.0	0.0	multi-criteria decision	0.06662350436266624	0.9440090118406049	overl_size:False;computeoptimaldistancethres:True;dist:distributional;het_typ:True;field2:Terms;CDM:louvain;nb_per:1;field1:Terms;k_nearest:99999;top_node:200;distance_mode:cooc;orph:False;time_sp:homogeneous;int-thres:0.27;top_edges:99999;d_thres:0.1;period_size:None;norm:norm
2001_2021	1	supplier evaluation - decision making	6	supplier evaluation - decision making	1	5	5	supplier evaluation & decision making	0.0	0.0	0.0	supplier selection	0.0704133777518735	0.9440090118406049	overl_size:False;computeoptimaldistancethres:True;dist:distributional;het_typ:True;field2:Terms;CDM:louvain;nb_per:1;field1:Terms;k_nearest:99999;top_node:200;distance_mode:cooc;orph:False;time_sp:homogeneous;int-thres:0.27;top_edges:99999;d_thres:0.1;period_size:None;norm:norm
2001_2021	1	supplier evaluation - decision making	6	supplier evaluation - decision making	1	5	5	supplier evaluation & decision making	0.0	0.0	0.0	supplier evaluation	0.07689017805970043	0.9440090118406049	overl_size:False;computeoptimaldistancethres:True;dist:distributional;het_typ:True;field2:Terms;CDM:louvain;nb_per:1;field1:Terms;k_nearest:99999;top_node:200;distance_mode:cooc;orph:False;time_sp:homogeneous;int-thres:0.27;top_edges:99999;d_thres:0.1;period_size:None;norm:norm
2001_2021	1	supplier evaluation - decision making	6	supplier evaluation - decision making	1	5	5	supplier evaluation & decision making	0.0	0.0	0.0	data envelopment analysis	0.03498642846965779	0.9440090118406049	overl_size:False;computeoptimaldistancethres:True;dist:distributional;het_typ:True;field2:Terms;CDM:louvain;nb_per:1;field1:Terms;k_nearest:99999;top_node:200;distance_mode:cooc;orph:False;time_sp:homogeneous;int-thres:0.27;top_edges:99999;d_thres:0.1;period_size:None;norm:norm
2001_2021	1	supplier evaluation - decision making	6	supplier evaluation - decision making	1	5	5	supplier evaluation & decision making	0.0	0.0	0.0	fuzzy set theory	0.06349132717201497	0.9440090118406049	overl_size:False;computeoptimaldistancethres:True;dist:distributional;het_typ:True;field2:Terms;CDM:louvain;nb_per:1;field1:Terms;k_nearest:99999;top_node:200;distance_mode:cooc;orph:False;time_sp:homogeneous;int-thres:0.27;top_edges:99999;d_thres:0.1;period_size:None;norm:norm
2001_2021	2	logistics service - service providers	5	logistics service - service providers	1	6	0	logistics service & service providers	0.0	0.0	0.0	logistics service	0.5	0.8740859486944558	overl_size:False;computeoptimaldistancethres:True;dist:distributional;het_typ:True;field2:Terms;CDM:louvain;nb_per:1;field1:Terms;k_nearest:99999;top_node:200;distance_mode:cooc;orph:False;time_sp:homogeneous;int-thres:0.27;top_edges:99999;d_thres:0.1;period_size:None;norm:norm
2001_2021	2	logistics service - service providers	5	logistics service - service providers	1	6	0	logistics service & service providers	0.0	0.0	0.0	service providers	0.5	0.8740859486944558	overl_size:False;computeoptimaldistancethres:True;dist:distributional;het_typ:True;field2:Terms;CDM:louvain;nb_per:1;field1:Terms;k_nearest:99999;top_node:200;distance_mode:cooc;orph:False;time_sp:homogeneous;int-thres:0.27;top_edges:99999;d_thres:0.1;period_size:None;norm:norm
